date,actual_Appliances,predicted_Appliances,record_type
2016-05-01 17:50:00,430.0,210.81,Test Evaluation
2016-05-01 18:00:00,450.0,237.65,Test Evaluation
2016-05-01 18:10:00,440.0,262.67,Test Evaluation
2016-05-01 18:20:00,410.0,293.13,Test Evaluation
2016-05-01 18:30:00,100.0,322.0,Test Evaluation
2016-05-01 18:40:00,120.0,273.96,Test Evaluation
2016-05-01 18:50:00,110.0,224.58,Test Evaluation
2016-05-01 19:00:00,120.0,173.2,Test Evaluation
2016-05-01 19:10:00,120.0,137.05,Test Evaluation
2016-05-01 19:20:00,100.0,84.28,Test Evaluation
2016-05-01 19:30:00,170.0,109.9,Test Evaluation
2016-05-01 19:40:00,100.0,118.08,Test Evaluation
2016-05-01 19:50:00,90.0,115.79,Test Evaluation
2016-05-01 20:00:00,90.0,108.06,Test Evaluation
2016-05-01 20:10:00,90.0,100.06,Test Evaluation
2016-05-01 20:20:00,120.0,96.21,Test Evaluation
2016-05-01 20:30:00,120.0,82.42,Test Evaluation
2016-05-01 20:40:00,110.0,88.36,Test Evaluation
2016-05-01 20:50:00,110.0,90.38,Test Evaluation
2016-05-01 21:00:00,100.0,91.24,Test Evaluation
2016-05-01 21:10:00,100.0,105.61,Test Evaluation
2016-05-01 21:20:00,70.0,88.18,Test Evaluation
2016-05-01 21:30:00,80.0,81.12,Test Evaluation
2016-05-01 21:40:00,80.0,77.93,Test Evaluation
2016-05-01 21:50:00,80.0,72.94,Test Evaluation
2016-05-01 22:00:00,80.0,72.23,Test Evaluation
2016-05-01 22:10:00,90.0,70.16,Test Evaluation
2016-05-01 22:20:00,80.0,75.82,Test Evaluation
2016-05-01 22:30:00,70.0,76.07,Test Evaluation
2016-05-01 22:40:00,60.0,73.23,Test Evaluation
2016-05-01 22:50:00,40.0,69.54,Test Evaluation
2016-05-01 23:00:00,40.0,65.09,Test Evaluation
2016-05-01 23:10:00,30.0,56.78,Test Evaluation
2016-05-01 23:20:00,50.0,51.05,Test Evaluation
2016-05-01 23:30:00,60.0,49.53,Test Evaluation
2016-05-01 23:40:00,60.0,51.15,Test Evaluation
2016-05-01 23:50:00,50.0,57.64,Test Evaluation
2016-05-02 00:00:00,50.0,50.3,Test Evaluation
2016-05-02 00:10:00,50.0,55.97,Test Evaluation
2016-05-02 00:20:00,60.0,53.42,Test Evaluation
2016-05-02 00:30:00,50.0,52.56,Test Evaluation
2016-05-02 00:40:00,60.0,53.46,Test Evaluation
2016-05-02 00:50:00,60.0,53.0,Test Evaluation
2016-05-02 01:00:00,60.0,56.98,Test Evaluation
2016-05-02 01:10:00,50.0,57.28,Test Evaluation
2016-05-02 01:20:00,50.0,55.62,Test Evaluation
2016-05-02 01:30:00,50.0,55.54,Test Evaluation
2016-05-02 01:40:00,50.0,53.11,Test Evaluation
2016-05-02 01:50:00,50.0,52.41,Test Evaluation
2016-05-02 02:00:00,20.0,49.88,Test Evaluation
2016-05-02 02:10:00,40.0,45.44,Test Evaluation
2016-05-02 02:20:00,30.0,43.7,Test Evaluation
2016-05-02 02:30:00,50.0,42.48,Test Evaluation
2016-05-02 02:40:00,60.0,42.33,Test Evaluation
2016-05-02 02:50:00,40.0,44.66,Test Evaluation
2016-05-02 03:00:00,50.0,49.9,Test Evaluation
2016-05-02 03:10:00,50.0,50.54,Test Evaluation
2016-05-02 03:20:00,50.0,53.91,Test Evaluation
2016-05-02 03:30:00,60.0,53.46,Test Evaluation
2016-05-02 03:40:00,60.0,53.31,Test Evaluation
2016-05-02 03:50:00,50.0,57.66,Test Evaluation
2016-05-02 04:00:00,50.0,57.57,Test Evaluation
2016-05-02 04:10:00,50.0,57.92,Test Evaluation
2016-05-02 04:20:00,50.0,60.09,Test Evaluation
2016-05-02 04:30:00,50.0,55.85,Test Evaluation
2016-05-02 04:40:00,60.0,55.74,Test Evaluation
2016-05-02 04:50:00,50.0,57.03,Test Evaluation
2016-05-02 05:00:00,70.0,58.22,Test Evaluation
2016-05-02 05:10:00,70.0,63.03,Test Evaluation
2016-05-02 05:20:00,40.0,72.2,Test Evaluation
2016-05-02 05:30:00,40.0,59.6,Test Evaluation
2016-05-02 05:40:00,230.0,56.75,Test Evaluation
2016-05-02 05:50:00,170.0,84.24,Test Evaluation
2016-05-02 06:00:00,60.0,101.37,Test Evaluation
2016-05-02 06:10:00,70.0,96.36,Test Evaluation
2016-05-02 06:20:00,90.0,100.03,Test Evaluation
2016-05-02 06:30:00,80.0,108.35,Test Evaluation
2016-05-02 06:40:00,80.0,71.78,Test Evaluation
2016-05-02 06:50:00,80.0,65.24,Test Evaluation
2016-05-02 07:00:00,80.0,76.99,Test Evaluation
2016-05-02 07:10:00,80.0,76.71,Test Evaluation
2016-05-02 07:20:00,70.0,73.85,Test Evaluation
2016-05-02 07:30:00,80.0,75.42,Test Evaluation
2016-05-02 07:40:00,340.0,77.35,Test Evaluation
2016-05-02 07:50:00,370.0,120.01,Test Evaluation
2016-05-02 08:00:00,80.0,168.55,Test Evaluation
2016-05-02 08:10:00,50.0,170.16,Test Evaluation
2016-05-02 08:20:00,50.0,168.98,Test Evaluation
2016-05-02 08:30:00,40.0,165.32,Test Evaluation
2016-05-02 08:40:00,50.0,104.46,Test Evaluation
2016-05-02 08:50:00,50.0,61.96,Test Evaluation
2016-05-02 09:00:00,50.0,79.66,Test Evaluation
2016-05-02 09:10:00,60.0,76.52,Test Evaluation
2016-05-02 09:20:00,50.0,85.29,Test Evaluation
2016-05-02 09:30:00,70.0,83.52,Test Evaluation
2016-05-02 09:40:00,50.0,85.66,Test Evaluation
2016-05-02 09:50:00,50.0,86.12,Test Evaluation
2016-05-02 10:00:00,60.0,86.75,Test Evaluation
2016-05-02 10:10:00,50.0,88.71,Test Evaluation
2016-05-02 10:20:00,50.0,90.34,Test Evaluation
2016-05-02 10:30:00,50.0,84.6,Test Evaluation
2016-05-02 10:40:00,50.0,87.53,Test Evaluation
2016-05-02 10:50:00,60.0,88.44,Test Evaluation
2016-05-02 11:00:00,50.0,86.84,Test Evaluation
2016-05-02 11:10:00,60.0,85.87,Test Evaluation
2016-05-02 11:20:00,50.0,87.27,Test Evaluation
2016-05-02 11:30:00,50.0,87.41,Test Evaluation
2016-05-02 11:40:00,50.0,86.67,Test Evaluation
2016-05-02 11:50:00,50.0,83.82,Test Evaluation
2016-05-02 12:00:00,60.0,84.07,Test Evaluation
2016-05-02 12:10:00,70.0,84.14,Test Evaluation
2016-05-02 12:20:00,80.0,87.76,Test Evaluation
2016-05-02 12:30:00,100.0,92.05,Test Evaluation
2016-05-02 12:40:00,90.0,100.43,Test Evaluation
2016-05-02 12:50:00,90.0,106.08,Test Evaluation
2016-05-02 13:00:00,70.0,109.6,Test Evaluation
2016-05-02 13:10:00,80.0,108.46,Test Evaluation
2016-05-02 13:20:00,70.0,106.93,Test Evaluation
2016-05-02 13:30:00,90.0,99.31,Test Evaluation
2016-05-02 13:40:00,80.0,99.73,Test Evaluation
2016-05-02 13:50:00,100.0,99.38,Test Evaluation
2016-05-02 14:00:00,90.0,106.54,Test Evaluation
2016-05-02 14:10:00,80.0,107.21,Test Evaluation
2016-05-02 14:20:00,80.0,111.72,Test Evaluation
2016-05-02 14:30:00,80.0,109.7,Test Evaluation
2016-05-02 14:40:00,70.0,109.43,Test Evaluation
2016-05-02 14:50:00,80.0,103.85,Test Evaluation
2016-05-02 15:00:00,90.0,101.5,Test Evaluation
2016-05-02 15:10:00,90.0,104.52,Test Evaluation
2016-05-02 15:20:00,80.0,105.43,Test Evaluation
2016-05-02 15:30:00,80.0,105.91,Test Evaluation
2016-05-02 15:40:00,70.0,105.73,Test Evaluation
2016-05-02 15:50:00,80.0,102.12,Test Evaluation
2016-05-02 16:00:00,60.0,101.34,Test Evaluation
2016-05-02 16:10:00,40.0,106.11,Test Evaluation
2016-05-02 16:20:00,50.0,100.94,Test Evaluation
2016-05-02 16:30:00,70.0,88.56,Test Evaluation
2016-05-02 16:40:00,90.0,87.38,Test Evaluation
2016-05-02 16:50:00,320.0,102.58,Test Evaluation
2016-05-02 17:00:00,330.0,135.98,Test Evaluation
2016-05-02 17:10:00,270.0,187.76,Test Evaluation
2016-05-02 17:20:00,260.0,221.31,Test Evaluation
2016-05-02 17:30:00,240.0,263.74,Test Evaluation
2016-05-02 17:40:00,210.0,269.26,Test Evaluation
2016-05-02 17:50:00,280.0,229.15,Test Evaluation
2016-05-02 18:00:00,170.0,219.64,Test Evaluation
2016-05-02 18:10:00,120.0,205.8,Test Evaluation
2016-05-02 18:20:00,100.0,180.31,Test Evaluation
2016-05-02 18:30:00,120.0,141.93,Test Evaluation
2016-05-02 18:40:00,120.0,141.23,Test Evaluation
2016-05-02 18:50:00,130.0,105.68,Test Evaluation
2016-05-02 19:00:00,130.0,105.77,Test Evaluation
2016-05-02 19:10:00,120.0,109.84,Test Evaluation
2016-05-02 19:20:00,120.0,113.87,Test Evaluation
2016-05-02 19:30:00,140.0,126.22,Test Evaluation
2016-05-02 19:40:00,150.0,115.24,Test Evaluation
2016-05-02 19:50:00,150.0,148.4,Test Evaluation
2016-05-02 20:00:00,150.0,142.37,Test Evaluation
2016-05-02 20:10:00,140.0,146.73,Test Evaluation
2016-05-02 20:20:00,130.0,130.54,Test Evaluation
2016-05-02 20:30:00,100.0,126.17,Test Evaluation
2016-05-02 20:40:00,80.0,117.15,Test Evaluation
2016-05-02 20:50:00,60.0,115.69,Test Evaluation
2016-05-02 21:00:00,30.0,110.48,Test Evaluation
2016-05-02 21:10:00,40.0,93.88,Test Evaluation
2016-05-02 21:20:00,40.0,82.12,Test Evaluation
2016-05-02 21:30:00,80.0,85.3,Test Evaluation
2016-05-02 21:40:00,70.0,75.38,Test Evaluation
2016-05-02 21:50:00,60.0,78.97,Test Evaluation
2016-05-02 22:00:00,70.0,86.23,Test Evaluation
2016-05-02 22:10:00,60.0,90.19,Test Evaluation
2016-05-02 22:20:00,70.0,92.52,Test Evaluation
2016-05-02 22:30:00,50.0,98.13,Test Evaluation
2016-05-02 22:40:00,80.0,84.92,Test Evaluation
2016-05-02 22:50:00,60.0,86.82,Test Evaluation
2016-05-02 23:00:00,60.0,63.6,Test Evaluation
2016-05-02 23:10:00,70.0,64.53,Test Evaluation
2016-05-02 23:20:00,50.0,65.72,Test Evaluation
2016-05-02 23:30:00,50.0,68.23,Test Evaluation
2016-05-02 23:40:00,50.0,62.59,Test Evaluation
2016-05-02 23:50:00,50.0,61.79,Test Evaluation
2016-05-03 00:00:00,40.0,47.68,Test Evaluation
2016-05-03 00:10:00,60.0,45.52,Test Evaluation
2016-05-03 00:20:00,60.0,48.13,Test Evaluation
2016-05-03 00:30:00,60.0,49.5,Test Evaluation
2016-05-03 00:40:00,60.0,50.68,Test Evaluation
2016-05-03 00:50:00,50.0,53.19,Test Evaluation
2016-05-03 01:00:00,40.0,56.44,Test Evaluation
2016-05-03 01:10:00,20.0,50.99,Test Evaluation
2016-05-03 01:20:00,30.0,43.72,Test Evaluation
2016-05-03 01:30:00,30.0,39.06,Test Evaluation
2016-05-03 01:40:00,50.0,34.41,Test Evaluation
2016-05-03 01:50:00,60.0,33.42,Test Evaluation
2016-05-03 02:00:00,60.0,34.1,Test Evaluation
2016-05-03 02:10:00,60.0,43.29,Test Evaluation
2016-05-03 02:20:00,60.0,45.29,Test Evaluation
2016-05-03 02:30:00,50.0,51.07,Test Evaluation
2016-05-03 02:40:00,50.0,51.03,Test Evaluation
2016-05-03 02:50:00,40.0,48.02,Test Evaluation
2016-05-03 03:00:00,50.0,47.6,Test Evaluation
2016-05-03 03:10:00,50.0,46.73,Test Evaluation
2016-05-03 03:20:00,50.0,46.45,Test Evaluation
2016-05-03 03:30:00,60.0,47.35,Test Evaluation
2016-05-03 03:40:00,50.0,47.72,Test Evaluation
2016-05-03 03:50:00,60.0,51.04,Test Evaluation
2016-05-03 04:00:00,40.0,52.29,Test Evaluation
2016-05-03 04:10:00,50.0,51.82,Test Evaluation
2016-05-03 04:20:00,50.0,51.26,Test Evaluation
2016-05-03 04:30:00,50.0,49.2,Test Evaluation
2016-05-03 04:40:00,50.0,50.35,Test Evaluation
2016-05-03 04:50:00,60.0,46.13,Test Evaluation
2016-05-03 05:00:00,70.0,52.98,Test Evaluation
2016-05-03 05:10:00,70.0,55.78,Test Evaluation
2016-05-03 05:20:00,30.0,54.79,Test Evaluation
2016-05-03 05:30:00,40.0,62.05,Test Evaluation
2016-05-03 05:40:00,50.0,73.46,Test Evaluation
2016-05-03 05:50:00,50.0,60.9,Test Evaluation
2016-05-03 06:00:00,60.0,47.98,Test Evaluation
2016-05-03 06:10:00,110.0,49.26,Test Evaluation
2016-05-03 06:20:00,70.0,77.82,Test Evaluation
2016-05-03 06:30:00,50.0,66.77,Test Evaluation
2016-05-03 06:40:00,60.0,64.89,Test Evaluation
2016-05-03 06:50:00,60.0,66.36,Test Evaluation
2016-05-03 07:00:00,60.0,66.28,Test Evaluation
2016-05-03 07:10:00,50.0,55.56,Test Evaluation
2016-05-03 07:20:00,50.0,55.16,Test Evaluation
2016-05-03 07:30:00,50.0,58.98,Test Evaluation
2016-05-03 07:40:00,50.0,91.37,Test Evaluation
2016-05-03 07:50:00,40.0,93.38,Test Evaluation
2016-05-03 08:00:00,70.0,56.3,Test Evaluation
2016-05-03 08:10:00,50.0,60.28,Test Evaluation
2016-05-03 08:20:00,60.0,62.6,Test Evaluation
2016-05-03 08:30:00,50.0,65.61,Test Evaluation
2016-05-03 08:40:00,50.0,68.53,Test Evaluation
2016-05-03 08:50:00,50.0,70.77,Test Evaluation
2016-05-03 09:00:00,30.0,66.87,Test Evaluation
2016-05-03 09:10:00,30.0,66.8,Test Evaluation
2016-05-03 09:20:00,20.0,61.68,Test Evaluation
2016-05-03 09:30:00,40.0,69.27,Test Evaluation
2016-05-03 09:40:00,60.0,54.31,Test Evaluation
2016-05-03 09:50:00,60.0,56.68,Test Evaluation
2016-05-03 10:00:00,50.0,63.07,Test Evaluation
2016-05-03 10:10:00,60.0,64.94,Test Evaluation
2016-05-03 10:20:00,50.0,73.06,Test Evaluation
2016-05-03 10:30:00,40.0,72.44,Test Evaluation
2016-05-03 10:40:00,60.0,69.37,Test Evaluation
2016-05-03 10:50:00,50.0,68.62,Test Evaluation
2016-05-03 11:00:00,50.0,81.17,Test Evaluation
2016-05-03 11:10:00,60.0,69.29,Test Evaluation
2016-05-03 11:20:00,60.0,69.2,Test Evaluation
2016-05-03 11:30:00,50.0,73.64,Test Evaluation
2016-05-03 11:40:00,50.0,70.19,Test Evaluation
2016-05-03 11:50:00,50.0,71.52,Test Evaluation
2016-05-03 12:00:00,50.0,73.71,Test Evaluation
2016-05-03 12:10:00,60.0,70.21,Test Evaluation
2016-05-03 12:20:00,40.0,71.69,Test Evaluation
2016-05-03 12:30:00,60.0,70.76,Test Evaluation
2016-05-03 12:40:00,60.0,71.58,Test Evaluation
2016-05-03 12:50:00,50.0,72.55,Test Evaluation
2016-05-03 13:00:00,60.0,70.12,Test Evaluation
2016-05-03 13:10:00,40.0,70.04,Test Evaluation
2016-05-03 13:20:00,30.0,70.7,Test Evaluation
2016-05-03 13:30:00,30.0,67.65,Test Evaluation
2016-05-03 13:40:00,20.0,62.8,Test Evaluation
2016-05-03 13:50:00,60.0,57.34,Test Evaluation
2016-05-03 14:00:00,50.0,56.92,Test Evaluation
2016-05-03 14:10:00,70.0,59.25,Test Evaluation
2016-05-03 14:20:00,60.0,65.44,Test Evaluation
2016-05-03 14:30:00,60.0,70.93,Test Evaluation
2016-05-03 14:40:00,50.0,77.25,Test Evaluation
2016-05-03 14:50:00,50.0,72.56,Test Evaluation
2016-05-03 15:00:00,40.0,74.65,Test Evaluation
2016-05-03 15:10:00,50.0,66.58,Test Evaluation
2016-05-03 15:20:00,50.0,66.53,Test Evaluation
2016-05-03 15:30:00,50.0,63.53,Test Evaluation
2016-05-03 15:40:00,60.0,64.02,Test Evaluation
2016-05-03 15:50:00,50.0,66.39,Test Evaluation
2016-05-03 16:00:00,60.0,66.47,Test Evaluation
2016-05-03 16:10:00,60.0,66.19,Test Evaluation
2016-05-03 16:20:00,60.0,69.31,Test Evaluation
2016-05-03 16:30:00,60.0,73.18,Test Evaluation
2016-05-03 16:40:00,80.0,76.1,Test Evaluation
2016-05-03 16:50:00,70.0,92.82,Test Evaluation
2016-05-03 17:00:00,90.0,97.62,Test Evaluation
2016-05-03 17:10:00,150.0,102.57,Test Evaluation
2016-05-03 17:20:00,460.0,117.06,Test Evaluation
2016-05-03 17:30:00,340.0,175.33,Test Evaluation
2016-05-03 17:40:00,310.0,222.97,Test Evaluation
2016-05-03 17:50:00,120.0,256.46,Test Evaluation
2016-05-03 18:00:00,140.0,240.56,Test Evaluation
2016-05-03 18:10:00,150.0,228.42,Test Evaluation
2016-05-03 18:20:00,120.0,160.09,Test Evaluation
2016-05-03 18:30:00,130.0,134.53,Test Evaluation
2016-05-03 18:40:00,130.0,111.82,Test Evaluation
2016-05-03 18:50:00,130.0,130.88,Test Evaluation
2016-05-03 19:00:00,130.0,131.03,Test Evaluation
2016-05-03 19:10:00,170.0,126.43,Test Evaluation
2016-05-03 19:20:00,210.0,138.15,Test Evaluation
2016-05-03 19:30:00,110.0,150.82,Test Evaluation
2016-05-03 19:40:00,100.0,144.41,Test Evaluation
2016-05-03 19:50:00,110.0,138.3,Test Evaluation
2016-05-03 20:00:00,90.0,131.17,Test Evaluation
2016-05-03 20:10:00,120.0,135.11,Test Evaluation
2016-05-03 20:20:00,130.0,93.65,Test Evaluation
2016-05-03 20:30:00,130.0,100.07,Test Evaluation
2016-05-03 20:40:00,120.0,102.04,Test Evaluation
2016-05-03 20:50:00,120.0,100.71,Test Evaluation
2016-05-03 21:00:00,60.0,113.63,Test Evaluation
2016-05-03 21:10:00,60.0,92.37,Test Evaluation
2016-05-03 21:20:00,50.0,81.21,Test Evaluation
2016-05-03 21:30:00,60.0,83.32,Test Evaluation
2016-05-03 21:40:00,60.0,64.0,Test Evaluation
2016-05-03 21:50:00,50.0,53.91,Test Evaluation
2016-05-03 22:00:00,60.0,57.44,Test Evaluation
2016-05-03 22:10:00,60.0,55.21,Test Evaluation
2016-05-03 22:20:00,60.0,56.69,Test Evaluation
2016-05-03 22:30:00,50.0,56.35,Test Evaluation
2016-05-03 22:40:00,40.0,58.52,Test Evaluation
2016-05-03 22:50:00,60.0,57.24,Test Evaluation
2016-05-03 23:00:00,50.0,56.72,Test Evaluation
2016-05-03 23:10:00,50.0,54.77,Test Evaluation
2016-05-03 23:20:00,40.0,51.96,Test Evaluation
2016-05-03 23:30:00,30.0,51.84,Test Evaluation
2016-05-03 23:40:00,40.0,53.09,Test Evaluation
2016-05-03 23:50:00,40.0,47.77,Test Evaluation
2016-05-04 00:00:00,40.0,36.07,Test Evaluation
2016-05-04 00:10:00,50.0,36.45,Test Evaluation
2016-05-04 00:20:00,60.0,38.53,Test Evaluation
2016-05-04 00:30:00,50.0,43.37,Test Evaluation
2016-05-04 00:40:00,50.0,44.8,Test Evaluation
2016-05-04 00:50:00,60.0,45.59,Test Evaluation
2016-05-04 01:00:00,60.0,48.07,Test Evaluation
2016-05-04 01:10:00,50.0,48.17,Test Evaluation
2016-05-04 01:20:00,60.0,47.02,Test Evaluation
2016-05-04 01:30:00,50.0,48.47,Test Evaluation
2016-05-04 01:40:00,50.0,49.53,Test Evaluation
2016-05-04 01:50:00,50.0,46.89,Test Evaluation
2016-05-04 02:00:00,50.0,45.48,Test Evaluation
2016-05-04 02:10:00,40.0,47.5,Test Evaluation
2016-05-04 02:20:00,60.0,44.19,Test Evaluation
2016-05-04 02:30:00,60.0,45.42,Test Evaluation
2016-05-04 02:40:00,60.0,46.9,Test Evaluation
2016-05-04 02:50:00,60.0,48.75,Test Evaluation
2016-05-04 03:00:00,50.0,50.81,Test Evaluation
2016-05-04 03:10:00,50.0,54.15,Test Evaluation
2016-05-04 03:20:00,50.0,49.38,Test Evaluation
2016-05-04 03:30:00,20.0,51.12,Test Evaluation
2016-05-04 03:40:00,30.0,43.32,Test Evaluation
2016-05-04 03:50:00,30.0,38.43,Test Evaluation
2016-05-04 04:00:00,30.0,37.25,Test Evaluation
2016-05-04 04:10:00,60.0,33.9,Test Evaluation
2016-05-04 04:20:00,50.0,35.68,Test Evaluation
2016-05-04 04:30:00,60.0,42.17,Test Evaluation
2016-05-04 04:40:00,40.0,46.05,Test Evaluation
2016-05-04 04:50:00,60.0,48.99,Test Evaluation
2016-05-04 05:00:00,70.0,55.67,Test Evaluation
2016-05-04 05:10:00,70.0,61.33,Test Evaluation
2016-05-04 05:20:00,70.0,50.74,Test Evaluation
2016-05-04 05:30:00,70.0,51.86,Test Evaluation
2016-05-04 05:40:00,70.0,68.24,Test Evaluation
2016-05-04 05:50:00,50.0,59.62,Test Evaluation
2016-05-04 06:00:00,70.0,58.31,Test Evaluation
2016-05-04 06:10:00,280.0,60.24,Test Evaluation
2016-05-04 06:20:00,150.0,90.54,Test Evaluation
2016-05-04 06:30:00,60.0,101.21,Test Evaluation
2016-05-04 06:40:00,70.0,100.54,Test Evaluation
2016-05-04 06:50:00,60.0,105.94,Test Evaluation
2016-05-04 07:00:00,70.0,104.32,Test Evaluation
2016-05-04 07:10:00,50.0,56.85,Test Evaluation
2016-05-04 07:20:00,60.0,52.98,Test Evaluation
2016-05-04 07:30:00,50.0,60.66,Test Evaluation
2016-05-04 07:40:00,50.0,60.75,Test Evaluation
2016-05-04 07:50:00,80.0,63.04,Test Evaluation
2016-05-04 08:00:00,60.0,79.08,Test Evaluation
2016-05-04 08:10:00,370.0,74.03,Test Evaluation
2016-05-04 08:20:00,400.0,120.26,Test Evaluation
2016-05-04 08:30:00,70.0,172.92,Test Evaluation
2016-05-04 08:40:00,70.0,180.01,Test Evaluation
2016-05-04 08:50:00,80.0,175.1,Test Evaluation
2016-05-04 09:00:00,90.0,182.28,Test Evaluation
2016-05-04 09:10:00,70.0,125.42,Test Evaluation
2016-05-04 09:20:00,80.0,63.42,Test Evaluation
2016-05-04 09:30:00,60.0,98.92,Test Evaluation
2016-05-04 09:40:00,50.0,97.92,Test Evaluation
2016-05-04 09:50:00,80.0,81.9,Test Evaluation
2016-05-04 10:00:00,80.0,72.9,Test Evaluation
2016-05-04 10:10:00,80.0,77.96,Test Evaluation
2016-05-04 10:20:00,80.0,77.65,Test Evaluation
2016-05-04 10:30:00,120.0,83.96,Test Evaluation
2016-05-04 10:40:00,90.0,113.18,Test Evaluation
2016-05-04 10:50:00,50.0,114.07,Test Evaluation
2016-05-04 11:00:00,70.0,101.46,Test Evaluation
2016-05-04 11:10:00,60.0,104.44,Test Evaluation
2016-05-04 11:20:00,90.0,112.71,Test Evaluation
2016-05-04 11:30:00,80.0,97.21,Test Evaluation
2016-05-04 11:40:00,80.0,99.26,Test Evaluation
2016-05-04 11:50:00,80.0,104.68,Test Evaluation
2016-05-04 12:00:00,60.0,112.8,Test Evaluation
2016-05-04 12:10:00,70.0,103.4,Test Evaluation
2016-05-04 12:20:00,60.0,96.3,Test Evaluation
2016-05-04 12:30:00,60.0,105.2,Test Evaluation
2016-05-04 12:40:00,70.0,90.8,Test Evaluation
2016-05-04 12:50:00,70.0,89.24,Test Evaluation
2016-05-04 13:00:00,80.0,92.14,Test Evaluation
2016-05-04 13:10:00,70.0,102.37,Test Evaluation
2016-05-04 13:20:00,70.0,96.1,Test Evaluation
2016-05-04 13:30:00,70.0,92.71,Test Evaluation
2016-05-04 13:40:00,60.0,100.32,Test Evaluation
2016-05-04 13:50:00,70.0,90.98,Test Evaluation
2016-05-04 14:00:00,60.0,86.38,Test Evaluation
2016-05-04 14:10:00,70.0,95.75,Test Evaluation
2016-05-04 14:20:00,70.0,85.43,Test Evaluation
2016-05-04 14:30:00,70.0,84.7,Test Evaluation
2016-05-04 14:40:00,80.0,88.21,Test Evaluation
2016-05-04 14:50:00,70.0,98.44,Test Evaluation
2016-05-04 15:00:00,80.0,89.0,Test Evaluation
2016-05-04 15:10:00,70.0,90.9,Test Evaluation
2016-05-04 15:20:00,70.0,91.29,Test Evaluation
2016-05-04 15:30:00,50.0,90.85,Test Evaluation
2016-05-04 15:40:00,60.0,85.24,Test Evaluation
2016-05-04 15:50:00,80.0,83.05,Test Evaluation
2016-05-04 16:00:00,90.0,83.29,Test Evaluation
2016-05-04 16:10:00,90.0,88.09,Test Evaluation
2016-05-04 16:20:00,80.0,94.75,Test Evaluation
2016-05-04 16:30:00,80.0,103.67,Test Evaluation
2016-05-04 16:40:00,70.0,110.69,Test Evaluation
2016-05-04 16:50:00,80.0,107.29,Test Evaluation
2016-05-04 17:00:00,90.0,107.0,Test Evaluation
2016-05-04 17:10:00,90.0,111.96,Test Evaluation
2016-05-04 17:20:00,130.0,128.37,Test Evaluation
2016-05-04 17:30:00,120.0,129.79,Test Evaluation
2016-05-04 17:40:00,130.0,135.68,Test Evaluation
2016-05-04 17:50:00,120.0,134.08,Test Evaluation
2016-05-04 18:00:00,130.0,149.67,Test Evaluation
2016-05-04 18:10:00,120.0,144.43,Test Evaluation
2016-05-04 18:20:00,200.0,131.63,Test Evaluation
2016-05-04 18:30:00,120.0,140.48,Test Evaluation
2016-05-04 18:40:00,110.0,136.09,Test Evaluation
2016-05-04 18:50:00,120.0,137.11,Test Evaluation
2016-05-04 19:00:00,130.0,132.21,Test Evaluation
2016-05-04 19:10:00,130.0,136.96,Test Evaluation
2016-05-04 19:20:00,110.0,126.39,Test Evaluation
2016-05-04 19:30:00,120.0,124.88,Test Evaluation
2016-05-04 19:40:00,90.0,124.57,Test Evaluation
2016-05-04 19:50:00,90.0,118.06,Test Evaluation
2016-05-04 20:00:00,80.0,105.55,Test Evaluation
2016-05-04 20:10:00,80.0,96.61,Test Evaluation
2016-05-04 20:20:00,100.0,91.75,Test Evaluation
2016-05-04 20:30:00,110.0,86.79,Test Evaluation
2016-05-04 20:40:00,110.0,90.24,Test Evaluation
2016-05-04 20:50:00,120.0,93.53,Test Evaluation
2016-05-04 21:00:00,80.0,93.65,Test Evaluation
2016-05-04 21:10:00,80.0,92.6,Test Evaluation
2016-05-04 21:20:00,80.0,87.36,Test Evaluation
2016-05-04 21:30:00,70.0,82.39,Test Evaluation
2016-05-04 21:40:00,80.0,78.64,Test Evaluation
2016-05-04 21:50:00,60.0,72.38,Test Evaluation
2016-05-04 22:00:00,50.0,73.89,Test Evaluation
2016-05-04 22:10:00,70.0,68.19,Test Evaluation
2016-05-04 22:20:00,50.0,67.29,Test Evaluation
2016-05-04 22:30:00,60.0,74.59,Test Evaluation
2016-05-04 22:40:00,50.0,58.98,Test Evaluation
2016-05-04 22:50:00,50.0,59.23,Test Evaluation
2016-05-04 23:00:00,60.0,61.67,Test Evaluation
2016-05-04 23:10:00,50.0,59.13,Test Evaluation
2016-05-04 23:20:00,50.0,59.5,Test Evaluation
2016-05-04 23:30:00,60.0,56.9,Test Evaluation
2016-05-04 23:40:00,50.0,60.1,Test Evaluation
2016-05-04 23:50:00,60.0,60.33,Test Evaluation
2016-05-05 00:00:00,40.0,48.71,Test Evaluation
2016-05-05 00:10:00,40.0,47.17,Test Evaluation
2016-05-05 00:20:00,20.0,46.18,Test Evaluation
2016-05-05 00:30:00,40.0,39.96,Test Evaluation
2016-05-05 00:40:00,50.0,39.42,Test Evaluation
2016-05-05 00:50:00,50.0,38.07,Test Evaluation
2016-05-05 01:00:00,50.0,41.92,Test Evaluation
2016-05-05 01:10:00,60.0,41.72,Test Evaluation
2016-05-05 01:20:00,60.0,52.28,Test Evaluation
2016-05-05 01:30:00,60.0,53.23,Test Evaluation
2016-05-05 01:40:00,60.0,55.73,Test Evaluation
2016-05-05 01:50:00,50.0,56.36,Test Evaluation
2016-05-05 02:00:00,50.0,58.31,Test Evaluation
2016-05-05 02:10:00,50.0,55.09,Test Evaluation
2016-05-05 02:20:00,40.0,54.14,Test Evaluation
2016-05-05 02:30:00,50.0,52.12,Test Evaluation
2016-05-05 02:40:00,60.0,50.25,Test Evaluation
2016-05-05 02:50:00,60.0,52.44,Test Evaluation
2016-05-05 03:00:00,60.0,54.1,Test Evaluation
2016-05-05 03:10:00,60.0,56.0,Test Evaluation
2016-05-05 03:20:00,60.0,58.91,Test Evaluation
2016-05-05 03:30:00,50.0,58.94,Test Evaluation
2016-05-05 03:40:00,50.0,56.67,Test Evaluation
2016-05-05 03:50:00,50.0,54.28,Test Evaluation
2016-05-05 04:00:00,40.0,54.89,Test Evaluation
2016-05-05 04:10:00,50.0,52.07,Test Evaluation
2016-05-05 04:20:00,60.0,50.57,Test Evaluation
2016-05-05 04:30:00,50.0,53.36,Test Evaluation
2016-05-05 04:40:00,60.0,52.64,Test Evaluation
2016-05-05 04:50:00,50.0,57.36,Test Evaluation
2016-05-05 05:00:00,30.0,60.61,Test Evaluation
2016-05-05 05:10:00,20.0,57.79,Test Evaluation
2016-05-05 05:20:00,30.0,49.4,Test Evaluation
2016-05-05 05:30:00,30.0,47.28,Test Evaluation
2016-05-05 05:40:00,50.0,55.66,Test Evaluation
2016-05-05 05:50:00,70.0,48.42,Test Evaluation
2016-05-05 06:00:00,60.0,52.93,Test Evaluation
2016-05-05 06:10:00,60.0,72.11,Test Evaluation
2016-05-05 06:20:00,50.0,69.42,Test Evaluation
2016-05-05 06:30:00,60.0,68.59,Test Evaluation
2016-05-05 06:40:00,50.0,69.24,Test Evaluation
2016-05-05 06:50:00,70.0,64.5,Test Evaluation
2016-05-05 07:00:00,170.0,66.91,Test Evaluation
2016-05-05 07:10:00,400.0,79.22,Test Evaluation
2016-05-05 07:20:00,150.0,132.94,Test Evaluation
2016-05-05 07:30:00,70.0,145.92,Test Evaluation
2016-05-05 07:40:00,110.0,175.4,Test Evaluation
2016-05-05 07:50:00,100.0,176.89,Test Evaluation
2016-05-05 08:00:00,120.0,146.75,Test Evaluation
2016-05-05 08:10:00,80.0,107.87,Test Evaluation
2016-05-05 08:20:00,90.0,122.4,Test Evaluation
2016-05-05 08:30:00,120.0,129.57,Test Evaluation
2016-05-05 08:40:00,390.0,119.49,Test Evaluation
2016-05-05 08:50:00,240.0,164.79,Test Evaluation
2016-05-05 09:00:00,120.0,185.12,Test Evaluation
2016-05-05 09:10:00,70.0,196.33,Test Evaluation
2016-05-05 09:20:00,90.0,193.88,Test Evaluation
2016-05-05 09:30:00,80.0,187.85,Test Evaluation
2016-05-05 09:40:00,70.0,121.55,Test Evaluation
2016-05-05 09:50:00,80.0,121.62,Test Evaluation
2016-05-05 10:00:00,110.0,114.1,Test Evaluation
2016-05-05 10:10:00,90.0,121.87,Test Evaluation
2016-05-05 10:20:00,100.0,120.99,Test Evaluation
2016-05-05 10:30:00,100.0,138.69,Test Evaluation
2016-05-05 10:40:00,100.0,129.18,Test Evaluation
2016-05-05 10:50:00,80.0,132.74,Test Evaluation
2016-05-05 11:00:00,80.0,131.42,Test Evaluation
2016-05-05 11:10:00,90.0,133.68,Test Evaluation
2016-05-05 11:20:00,90.0,136.25,Test Evaluation
2016-05-05 11:30:00,90.0,130.01,Test Evaluation
2016-05-05 11:40:00,90.0,137.13,Test Evaluation
2016-05-05 11:50:00,90.0,129.95,Test Evaluation
2016-05-05 12:00:00,90.0,130.72,Test Evaluation
2016-05-05 12:10:00,160.0,142.72,Test Evaluation
2016-05-05 12:20:00,140.0,140.33,Test Evaluation
2016-05-05 12:30:00,80.0,147.4,Test Evaluation
2016-05-05 12:40:00,70.0,157.35,Test Evaluation
2016-05-05 12:50:00,80.0,139.8,Test Evaluation
2016-05-05 13:00:00,30.0,138.33,Test Evaluation
2016-05-05 13:10:00,30.0,111.46,Test Evaluation
2016-05-05 13:20:00,40.0,94.67,Test Evaluation
2016-05-05 13:30:00,20.0,91.86,Test Evaluation
2016-05-05 13:40:00,70.0,82.21,Test Evaluation
2016-05-05 13:50:00,60.0,79.0,Test Evaluation
2016-05-05 14:00:00,60.0,84.49,Test Evaluation
2016-05-05 14:10:00,60.0,89.46,Test Evaluation
2016-05-05 14:20:00,60.0,89.51,Test Evaluation
2016-05-05 14:30:00,50.0,99.68,Test Evaluation
2016-05-05 14:40:00,50.0,97.16,Test Evaluation
2016-05-05 14:50:00,50.0,97.8,Test Evaluation
2016-05-05 15:00:00,50.0,97.37,Test Evaluation
2016-05-05 15:10:00,70.0,93.27,Test Evaluation
2016-05-05 15:20:00,60.0,92.62,Test Evaluation
2016-05-05 15:30:00,60.0,90.23,Test Evaluation
2016-05-05 15:40:00,60.0,90.93,Test Evaluation
2016-05-05 15:50:00,50.0,92.87,Test Evaluation
2016-05-05 16:00:00,50.0,97.25,Test Evaluation
2016-05-05 16:10:00,50.0,109.21,Test Evaluation
2016-05-05 16:20:00,60.0,97.32,Test Evaluation
2016-05-05 16:30:00,40.0,88.84,Test Evaluation
2016-05-05 16:40:00,60.0,85.0,Test Evaluation
2016-05-05 16:50:00,50.0,86.0,Test Evaluation
2016-05-05 17:00:00,60.0,87.18,Test Evaluation
2016-05-05 17:10:00,50.0,88.43,Test Evaluation
2016-05-05 17:20:00,60.0,89.32,Test Evaluation
2016-05-05 17:30:00,210.0,98.3,Test Evaluation
2016-05-05 17:40:00,320.0,141.72,Test Evaluation
2016-05-05 17:50:00,520.0,156.39,Test Evaluation
2016-05-05 18:00:00,490.0,219.09,Test Evaluation
2016-05-05 18:10:00,150.0,282.14,Test Evaluation
2016-05-05 18:20:00,90.0,301.24,Test Evaluation
2016-05-05 18:30:00,90.0,265.74,Test Evaluation
2016-05-05 18:40:00,80.0,226.71,Test Evaluation
2016-05-05 18:50:00,70.0,159.84,Test Evaluation
2016-05-05 19:00:00,80.0,85.19,Test Evaluation
2016-05-05 19:10:00,120.0,94.99,Test Evaluation
2016-05-05 19:20:00,110.0,102.3,Test Evaluation
2016-05-05 19:30:00,90.0,104.01,Test Evaluation
2016-05-05 19:40:00,100.0,105.04,Test Evaluation
2016-05-05 19:50:00,90.0,107.81,Test Evaluation
2016-05-05 20:00:00,100.0,105.8,Test Evaluation
2016-05-05 20:10:00,100.0,98.13,Test Evaluation
2016-05-05 20:20:00,90.0,97.0,Test Evaluation
2016-05-05 20:30:00,90.0,98.43,Test Evaluation
2016-05-05 20:40:00,110.0,93.03,Test Evaluation
2016-05-05 20:50:00,100.0,96.13,Test Evaluation
2016-05-05 21:00:00,90.0,91.33,Test Evaluation
2016-05-05 21:10:00,100.0,97.83,Test Evaluation
2016-05-05 21:20:00,70.0,99.66,Test Evaluation
2016-05-05 21:30:00,50.0,85.19,Test Evaluation
2016-05-05 21:40:00,50.0,74.85,Test Evaluation
2016-05-05 21:50:00,70.0,68.16,Test Evaluation
2016-05-05 22:00:00,60.0,66.74,Test Evaluation
2016-05-05 22:10:00,50.0,60.57,Test Evaluation
2016-05-05 22:20:00,70.0,69.17,Test Evaluation
2016-05-05 22:30:00,50.0,63.67,Test Evaluation
2016-05-05 22:40:00,60.0,62.41,Test Evaluation
2016-05-05 22:50:00,50.0,60.92,Test Evaluation
2016-05-05 23:00:00,50.0,62.43,Test Evaluation
2016-05-05 23:10:00,60.0,62.97,Test Evaluation
2016-05-05 23:20:00,50.0,59.82,Test Evaluation
2016-05-05 23:30:00,50.0,61.12,Test Evaluation
2016-05-05 23:40:00,60.0,59.23,Test Evaluation
2016-05-05 23:50:00,60.0,61.04,Test Evaluation
2016-05-06 00:00:00,50.0,49.18,Test Evaluation
2016-05-06 00:10:00,50.0,46.4,Test Evaluation
2016-05-06 00:20:00,20.0,47.34,Test Evaluation
2016-05-06 00:30:00,40.0,44.23,Test Evaluation
2016-05-06 00:40:00,40.0,41.05,Test Evaluation
2016-05-06 00:50:00,50.0,38.39,Test Evaluation
2016-05-06 01:00:00,60.0,40.14,Test Evaluation
2016-05-06 01:10:00,50.0,43.82,Test Evaluation
2016-05-06 01:20:00,60.0,49.38,Test Evaluation
2016-05-06 01:30:00,60.0,51.21,Test Evaluation
2016-05-06 01:40:00,60.0,54.79,Test Evaluation
2016-05-06 01:50:00,60.0,55.84,Test Evaluation
2016-05-06 02:00:00,50.0,55.06,Test Evaluation
2016-05-06 02:10:00,40.0,55.76,Test Evaluation
2016-05-06 02:20:00,50.0,52.81,Test Evaluation
2016-05-06 02:30:00,60.0,53.29,Test Evaluation
2016-05-06 02:40:00,40.0,53.46,Test Evaluation
2016-05-06 02:50:00,60.0,51.0,Test Evaluation
2016-05-06 03:00:00,60.0,53.45,Test Evaluation
2016-05-06 03:10:00,60.0,56.78,Test Evaluation
2016-05-06 03:20:00,50.0,57.98,Test Evaluation
2016-05-06 03:30:00,60.0,54.33,Test Evaluation
2016-05-06 03:40:00,70.0,58.33,Test Evaluation
2016-05-06 03:50:00,50.0,57.44,Test Evaluation
2016-05-06 04:00:00,50.0,56.2,Test Evaluation
2016-05-06 04:10:00,50.0,55.21,Test Evaluation
2016-05-06 04:20:00,50.0,57.93,Test Evaluation
2016-05-06 04:30:00,40.0,55.29,Test Evaluation
2016-05-06 04:40:00,60.0,50.03,Test Evaluation
2016-05-06 04:50:00,50.0,53.36,Test Evaluation
2016-05-06 05:00:00,60.0,52.68,Test Evaluation
2016-05-06 05:10:00,50.0,53.49,Test Evaluation
2016-05-06 05:20:00,50.0,53.63,Test Evaluation
2016-05-06 05:30:00,50.0,56.38,Test Evaluation
2016-05-06 05:40:00,40.0,54.09,Test Evaluation
2016-05-06 05:50:00,60.0,56.9,Test Evaluation
2016-05-06 06:00:00,50.0,56.03,Test Evaluation
2016-05-06 06:10:00,50.0,57.67,Test Evaluation
2016-05-06 06:20:00,80.0,58.96,Test Evaluation
2016-05-06 06:30:00,110.0,69.94,Test Evaluation
2016-05-06 06:40:00,80.0,68.71,Test Evaluation
2016-05-06 06:50:00,70.0,76.69,Test Evaluation
2016-05-06 07:00:00,60.0,108.01,Test Evaluation
2016-05-06 07:10:00,60.0,111.15,Test Evaluation
2016-05-06 07:20:00,70.0,90.0,Test Evaluation
2016-05-06 07:30:00,670.0,79.63,Test Evaluation
2016-05-06 07:40:00,470.0,184.9,Test Evaluation
2016-05-06 07:50:00,150.0,255.69,Test Evaluation
2016-05-06 08:00:00,70.0,261.53,Test Evaluation
2016-05-06 08:10:00,110.0,250.52,Test Evaluation
2016-05-06 08:20:00,110.0,260.49,Test Evaluation
2016-05-06 08:30:00,100.0,135.45,Test Evaluation
2016-05-06 08:40:00,100.0,113.4,Test Evaluation
2016-05-06 08:50:00,80.0,120.66,Test Evaluation
2016-05-06 09:00:00,90.0,123.27,Test Evaluation
2016-05-06 09:10:00,110.0,114.16,Test Evaluation
2016-05-06 09:20:00,450.0,113.64,Test Evaluation
2016-05-06 09:30:00,610.0,165.7,Test Evaluation
2016-05-06 09:40:00,290.0,242.86,Test Evaluation
2016-05-06 09:50:00,90.0,276.15,Test Evaluation
2016-05-06 10:00:00,120.0,278.13,Test Evaluation
2016-05-06 10:10:00,110.0,276.95,Test Evaluation
2016-05-06 10:20:00,70.0,202.81,Test Evaluation
2016-05-06 10:30:00,100.0,108.55,Test Evaluation
2016-05-06 10:40:00,70.0,103.18,Test Evaluation
2016-05-06 10:50:00,70.0,112.98,Test Evaluation
2016-05-06 11:00:00,60.0,103.63,Test Evaluation
2016-05-06 11:10:00,60.0,99.4,Test Evaluation
2016-05-06 11:20:00,80.0,100.3,Test Evaluation
2016-05-06 11:30:00,70.0,109.53,Test Evaluation
2016-05-06 11:40:00,80.0,141.26,Test Evaluation
2016-05-06 11:50:00,310.0,123.05,Test Evaluation
2016-05-06 12:00:00,340.0,148.26,Test Evaluation
2016-05-06 12:10:00,110.0,191.78,Test Evaluation
2016-05-06 12:20:00,80.0,193.87,Test Evaluation
2016-05-06 12:30:00,100.0,192.82,Test Evaluation
2016-05-06 12:40:00,120.0,190.39,Test Evaluation
2016-05-06 12:50:00,80.0,144.67,Test Evaluation
2016-05-06 13:00:00,90.0,99.71,Test Evaluation
2016-05-06 13:10:00,90.0,113.02,Test Evaluation
2016-05-06 13:20:00,90.0,116.25,Test Evaluation
2016-05-06 13:30:00,70.0,123.19,Test Evaluation
2016-05-06 13:40:00,70.0,117.95,Test Evaluation
2016-05-06 13:50:00,70.0,111.81,Test Evaluation
2016-05-06 14:00:00,70.0,108.28,Test Evaluation
2016-05-06 14:10:00,70.0,105.65,Test Evaluation
2016-05-06 14:20:00,140.0,102.48,Test Evaluation
2016-05-06 14:30:00,340.0,111.99,Test Evaluation
2016-05-06 14:40:00,190.0,147.98,Test Evaluation
2016-05-06 14:50:00,150.0,158.23,Test Evaluation
2016-05-06 15:00:00,80.0,168.89,Test Evaluation
2016-05-06 15:10:00,80.0,174.9,Test Evaluation
2016-05-06 15:20:00,70.0,162.36,Test Evaluation
2016-05-06 15:30:00,80.0,119.0,Test Evaluation
2016-05-06 15:40:00,70.0,103.43,Test Evaluation
2016-05-06 15:50:00,70.0,94.23,Test Evaluation
2016-05-06 16:00:00,70.0,96.96,Test Evaluation
2016-05-06 16:10:00,70.0,92.03,Test Evaluation
2016-05-06 16:20:00,70.0,93.79,Test Evaluation
2016-05-06 16:30:00,60.0,89.11,Test Evaluation
2016-05-06 16:40:00,70.0,87.85,Test Evaluation
2016-05-06 16:50:00,80.0,88.86,Test Evaluation
2016-05-06 17:00:00,90.0,103.52,Test Evaluation
2016-05-06 17:10:00,90.0,91.46,Test Evaluation
2016-05-06 17:20:00,100.0,93.62,Test Evaluation
2016-05-06 17:30:00,90.0,108.86,Test Evaluation
2016-05-06 17:40:00,100.0,132.91,Test Evaluation
2016-05-06 17:50:00,90.0,150.55,Test Evaluation
2016-05-06 18:00:00,230.0,143.77,Test Evaluation
2016-05-06 18:10:00,230.0,131.63,Test Evaluation
2016-05-06 18:20:00,200.0,145.29,Test Evaluation
2016-05-06 18:30:00,190.0,171.69,Test Evaluation
2016-05-06 18:40:00,100.0,169.42,Test Evaluation
2016-05-06 18:50:00,110.0,170.1,Test Evaluation
2016-05-06 19:00:00,110.0,141.87,Test Evaluation
2016-05-06 19:10:00,110.0,127.47,Test Evaluation
2016-05-06 19:20:00,110.0,119.87,Test Evaluation
2016-05-06 19:30:00,140.0,106.93,Test Evaluation
2016-05-06 19:40:00,150.0,135.33,Test Evaluation
2016-05-06 19:50:00,140.0,136.0,Test Evaluation
2016-05-06 20:00:00,130.0,139.72,Test Evaluation
2016-05-06 20:10:00,130.0,140.42,Test Evaluation
2016-05-06 20:20:00,140.0,143.56,Test Evaluation
2016-05-06 20:30:00,120.0,118.62,Test Evaluation
2016-05-06 20:40:00,100.0,115.35,Test Evaluation
2016-05-06 20:50:00,80.0,108.63,Test Evaluation
2016-05-06 21:00:00,90.0,100.59,Test Evaluation
2016-05-06 21:10:00,80.0,105.49,Test Evaluation
2016-05-06 21:20:00,80.0,81.86,Test Evaluation
2016-05-06 21:30:00,80.0,75.74,Test Evaluation
2016-05-06 21:40:00,50.0,74.53,Test Evaluation
2016-05-06 21:50:00,50.0,71.65,Test Evaluation
2016-05-06 22:00:00,60.0,65.52,Test Evaluation
2016-05-06 22:10:00,50.0,62.31,Test Evaluation
2016-05-06 22:20:00,50.0,58.81,Test Evaluation
2016-05-06 22:30:00,50.0,54.85,Test Evaluation
2016-05-06 22:40:00,50.0,58.39,Test Evaluation
2016-05-06 22:50:00,60.0,58.57,Test Evaluation
2016-05-06 23:00:00,60.0,59.68,Test Evaluation
2016-05-06 23:10:00,60.0,63.02,Test Evaluation
2016-05-06 23:20:00,60.0,64.26,Test Evaluation
2016-05-06 23:30:00,60.0,76.28,Test Evaluation
2016-05-06 23:40:00,50.0,65.95,Test Evaluation
2016-05-06 23:50:00,60.0,65.86,Test Evaluation
2016-05-07 00:00:00,50.0,53.13,Test Evaluation
2016-05-07 00:10:00,50.0,51.8,Test Evaluation
2016-05-07 00:20:00,50.0,48.76,Test Evaluation
2016-05-07 00:30:00,50.0,50.01,Test Evaluation
2016-05-07 00:40:00,60.0,50.05,Test Evaluation
2016-05-07 00:50:00,50.0,50.94,Test Evaluation
2016-05-07 01:00:00,60.0,52.06,Test Evaluation
2016-05-07 01:10:00,60.0,52.72,Test Evaluation
2016-05-07 01:20:00,60.0,54.13,Test Evaluation
2016-05-07 01:30:00,60.0,55.9,Test Evaluation
2016-05-07 01:40:00,60.0,55.51,Test Evaluation
2016-05-07 01:50:00,40.0,57.66,Test Evaluation
2016-05-07 02:00:00,60.0,54.78,Test Evaluation
2016-05-07 02:10:00,40.0,53.07,Test Evaluation
2016-05-07 02:20:00,60.0,51.03,Test Evaluation
2016-05-07 02:30:00,40.0,52.37,Test Evaluation
2016-05-07 02:40:00,60.0,47.74,Test Evaluation
2016-05-07 02:50:00,60.0,52.95,Test Evaluation
2016-05-07 03:00:00,50.0,51.88,Test Evaluation
2016-05-07 03:10:00,70.0,55.77,Test Evaluation
2016-05-07 03:20:00,50.0,56.13,Test Evaluation
2016-05-07 03:30:00,60.0,61.62,Test Evaluation
2016-05-07 03:40:00,50.0,60.53,Test Evaluation
2016-05-07 03:50:00,50.0,58.91,Test Evaluation
2016-05-07 04:00:00,50.0,60.48,Test Evaluation
2016-05-07 04:10:00,60.0,56.07,Test Evaluation
2016-05-07 04:20:00,40.0,57.4,Test Evaluation
2016-05-07 04:30:00,60.0,53.06,Test Evaluation
2016-05-07 04:40:00,60.0,57.7,Test Evaluation
2016-05-07 04:50:00,60.0,59.2,Test Evaluation
2016-05-07 05:00:00,60.0,63.01,Test Evaluation
2016-05-07 05:10:00,50.0,61.03,Test Evaluation
2016-05-07 05:20:00,50.0,65.42,Test Evaluation
2016-05-07 05:30:00,50.0,62.77,Test Evaluation
2016-05-07 05:40:00,50.0,61.46,Test Evaluation
2016-05-07 05:50:00,50.0,60.82,Test Evaluation
2016-05-07 06:00:00,40.0,60.06,Test Evaluation
2016-05-07 06:10:00,50.0,59.59,Test Evaluation
2016-05-07 06:20:00,50.0,59.93,Test Evaluation
2016-05-07 06:30:00,60.0,62.7,Test Evaluation
2016-05-07 06:40:00,60.0,64.4,Test Evaluation
2016-05-07 06:50:00,60.0,66.48,Test Evaluation
2016-05-07 07:00:00,50.0,70.48,Test Evaluation
2016-05-07 07:10:00,60.0,70.89,Test Evaluation
2016-05-07 07:20:00,60.0,74.16,Test Evaluation
2016-05-07 07:30:00,260.0,108.1,Test Evaluation
2016-05-07 07:40:00,360.0,128.06,Test Evaluation
2016-05-07 07:50:00,100.0,155.34,Test Evaluation
2016-05-07 08:00:00,90.0,164.24,Test Evaluation
2016-05-07 08:10:00,90.0,186.79,Test Evaluation
2016-05-07 08:20:00,100.0,198.44,Test Evaluation
2016-05-07 08:30:00,120.0,175.01,Test Evaluation
2016-05-07 08:40:00,200.0,116.68,Test Evaluation
2016-05-07 08:50:00,130.0,150.96,Test Evaluation
2016-05-07 09:00:00,80.0,158.43,Test Evaluation
2016-05-07 09:10:00,210.0,152.19,Test Evaluation
2016-05-07 09:20:00,240.0,183.97,Test Evaluation
2016-05-07 09:30:00,210.0,208.08,Test Evaluation
2016-05-07 09:40:00,80.0,196.55,Test Evaluation
2016-05-07 09:50:00,100.0,195.08,Test Evaluation
2016-05-07 10:00:00,90.0,224.16,Test Evaluation
2016-05-07 10:10:00,110.0,185.03,Test Evaluation
2016-05-07 10:20:00,120.0,139.55,Test Evaluation
2016-05-07 10:30:00,360.0,130.39,Test Evaluation
2016-05-07 10:40:00,270.0,184.21,Test Evaluation
2016-05-07 10:50:00,120.0,211.74,Test Evaluation
2016-05-07 11:00:00,140.0,220.35,Test Evaluation
2016-05-07 11:10:00,120.0,221.58,Test Evaluation
2016-05-07 11:20:00,100.0,217.05,Test Evaluation
2016-05-07 11:30:00,260.0,154.67,Test Evaluation
2016-05-07 11:40:00,250.0,157.39,Test Evaluation
2016-05-07 11:50:00,100.0,200.1,Test Evaluation
2016-05-07 12:00:00,90.0,196.17,Test Evaluation
2016-05-07 12:10:00,80.0,178.5,Test Evaluation
2016-05-07 12:20:00,100.0,204.78,Test Evaluation
2016-05-07 12:30:00,80.0,173.46,Test Evaluation
2016-05-07 12:40:00,90.0,132.18,Test Evaluation
2016-05-07 12:50:00,80.0,138.93,Test Evaluation
2016-05-07 13:00:00,80.0,141.68,Test Evaluation
2016-05-07 13:10:00,80.0,130.59,Test Evaluation
2016-05-07 13:20:00,70.0,132.72,Test Evaluation
2016-05-07 13:30:00,80.0,114.47,Test Evaluation
2016-05-07 13:40:00,70.0,110.61,Test Evaluation
2016-05-07 13:50:00,70.0,108.7,Test Evaluation
2016-05-07 14:00:00,70.0,106.8,Test Evaluation
2016-05-07 14:10:00,80.0,104.5,Test Evaluation
2016-05-07 14:20:00,100.0,110.64,Test Evaluation
2016-05-07 14:30:00,90.0,121.72,Test Evaluation
2016-05-07 14:40:00,90.0,116.78,Test Evaluation
2016-05-07 14:50:00,100.0,120.33,Test Evaluation
2016-05-07 15:00:00,110.0,121.3,Test Evaluation
2016-05-07 15:10:00,110.0,126.27,Test Evaluation
2016-05-07 15:20:00,100.0,125.4,Test Evaluation
2016-05-07 15:30:00,110.0,138.75,Test Evaluation
2016-05-07 15:40:00,100.0,148.23,Test Evaluation
2016-05-07 15:50:00,90.0,135.62,Test Evaluation
2016-05-07 16:00:00,100.0,125.47,Test Evaluation
2016-05-07 16:10:00,90.0,133.33,Test Evaluation
2016-05-07 16:20:00,100.0,150.0,Test Evaluation
2016-05-07 16:30:00,90.0,148.32,Test Evaluation
2016-05-07 16:40:00,90.0,127.16,Test Evaluation
2016-05-07 16:50:00,80.0,115.45,Test Evaluation
2016-05-07 17:00:00,90.0,131.69,Test Evaluation
2016-05-07 17:10:00,80.0,152.3,Test Evaluation
2016-05-07 17:20:00,90.0,120.94,Test Evaluation
2016-05-07 17:30:00,90.0,117.82,Test Evaluation
2016-05-07 17:40:00,80.0,116.12,Test Evaluation
2016-05-07 17:50:00,70.0,118.2,Test Evaluation
2016-05-07 18:00:00,80.0,122.83,Test Evaluation
2016-05-07 18:10:00,560.0,130.0,Test Evaluation
2016-05-07 18:20:00,630.0,180.98,Test Evaluation
2016-05-07 18:30:00,230.0,253.69,Test Evaluation
2016-05-07 18:40:00,100.0,259.38,Test Evaluation
2016-05-07 18:50:00,110.0,273.37,Test Evaluation
2016-05-07 19:00:00,120.0,277.99,Test Evaluation
2016-05-07 19:10:00,130.0,180.52,Test Evaluation
2016-05-07 19:20:00,120.0,102.0,Test Evaluation
2016-05-07 19:30:00,140.0,116.62,Test Evaluation
2016-05-07 19:40:00,100.0,142.39,Test Evaluation
2016-05-07 19:50:00,110.0,123.34,Test Evaluation
2016-05-07 20:00:00,100.0,117.17,Test Evaluation
2016-05-07 20:10:00,100.0,108.5,Test Evaluation
2016-05-07 20:20:00,100.0,102.67,Test Evaluation
2016-05-07 20:30:00,100.0,92.59,Test Evaluation
2016-05-07 20:40:00,70.0,91.96,Test Evaluation
2016-05-07 20:50:00,50.0,83.2,Test Evaluation
2016-05-07 21:00:00,50.0,85.67,Test Evaluation
2016-05-07 21:10:00,60.0,68.13,Test Evaluation
2016-05-07 21:20:00,60.0,62.68,Test Evaluation
2016-05-07 21:30:00,50.0,57.0,Test Evaluation
2016-05-07 21:40:00,60.0,54.29,Test Evaluation
2016-05-07 21:50:00,60.0,58.9,Test Evaluation
2016-05-07 22:00:00,70.0,71.94,Test Evaluation
2016-05-07 22:10:00,60.0,62.39,Test Evaluation
2016-05-07 22:20:00,70.0,63.12,Test Evaluation
2016-05-07 22:30:00,50.0,69.06,Test Evaluation
2016-05-07 22:40:00,50.0,64.42,Test Evaluation
2016-05-07 22:50:00,50.0,62.7,Test Evaluation
2016-05-07 23:00:00,60.0,59.36,Test Evaluation
2016-05-07 23:10:00,50.0,59.79,Test Evaluation
2016-05-07 23:20:00,50.0,55.15,Test Evaluation
2016-05-07 23:30:00,60.0,57.59,Test Evaluation
2016-05-07 23:40:00,60.0,58.24,Test Evaluation
2016-05-07 23:50:00,60.0,64.13,Test Evaluation
2016-05-08 00:00:00,60.0,50.6,Test Evaluation
2016-05-08 00:10:00,60.0,53.41,Test Evaluation
2016-05-08 00:20:00,60.0,53.5,Test Evaluation
2016-05-08 00:30:00,50.0,52.36,Test Evaluation
2016-05-08 00:40:00,60.0,51.97,Test Evaluation
2016-05-08 00:50:00,60.0,51.28,Test Evaluation
2016-05-08 01:00:00,60.0,53.29,Test Evaluation
2016-05-08 01:10:00,50.0,53.93,Test Evaluation
2016-05-08 01:20:00,40.0,52.98,Test Evaluation
2016-05-08 01:30:00,60.0,51.84,Test Evaluation
2016-05-08 01:40:00,50.0,51.65,Test Evaluation
2016-05-08 01:50:00,50.0,48.76,Test Evaluation
2016-05-08 02:00:00,50.0,48.5,Test Evaluation
2016-05-08 02:10:00,60.0,48.95,Test Evaluation
2016-05-08 02:20:00,50.0,53.48,Test Evaluation
2016-05-08 02:30:00,60.0,50.45,Test Evaluation
2016-05-08 02:40:00,60.0,54.38,Test Evaluation
2016-05-08 02:50:00,50.0,57.25,Test Evaluation
2016-05-08 03:00:00,60.0,58.14,Test Evaluation
2016-05-08 03:10:00,50.0,59.56,Test Evaluation
2016-05-08 03:20:00,60.0,57.55,Test Evaluation
2016-05-08 03:30:00,60.0,56.97,Test Evaluation
2016-05-08 03:40:00,50.0,58.63,Test Evaluation
2016-05-08 03:50:00,60.0,59.61,Test Evaluation
2016-05-08 04:00:00,50.0,60.05,Test Evaluation
2016-05-08 04:10:00,40.0,61.14,Test Evaluation
2016-05-08 04:20:00,50.0,56.82,Test Evaluation
2016-05-08 04:30:00,50.0,55.3,Test Evaluation
2016-05-08 04:40:00,50.0,56.99,Test Evaluation
2016-05-08 04:50:00,60.0,54.14,Test Evaluation
2016-05-08 05:00:00,60.0,56.57,Test Evaluation
2016-05-08 05:10:00,60.0,60.38,Test Evaluation
2016-05-08 05:20:00,50.0,61.12,Test Evaluation
2016-05-08 05:30:00,60.0,62.46,Test Evaluation
2016-05-08 05:40:00,50.0,64.57,Test Evaluation
2016-05-08 05:50:00,60.0,61.59,Test Evaluation
2016-05-08 06:00:00,50.0,62.38,Test Evaluation
2016-05-08 06:10:00,60.0,61.87,Test Evaluation
2016-05-08 06:20:00,50.0,63.54,Test Evaluation
2016-05-08 06:30:00,50.0,62.06,Test Evaluation
2016-05-08 06:40:00,50.0,63.98,Test Evaluation
2016-05-08 06:50:00,40.0,62.11,Test Evaluation
2016-05-08 07:00:00,60.0,61.75,Test Evaluation
2016-05-08 07:10:00,40.0,62.46,Test Evaluation
2016-05-08 07:20:00,50.0,62.16,Test Evaluation
2016-05-08 07:30:00,60.0,76.72,Test Evaluation
2016-05-08 07:40:00,90.0,82.06,Test Evaluation
2016-05-08 07:50:00,60.0,77.42,Test Evaluation
2016-05-08 08:00:00,70.0,78.06,Test Evaluation
2016-05-08 08:10:00,60.0,96.75,Test Evaluation
2016-05-08 08:20:00,400.0,88.18,Test Evaluation
2016-05-08 08:30:00,130.0,136.84,Test Evaluation
2016-05-08 08:40:00,370.0,150.51,Test Evaluation
2016-05-08 08:50:00,70.0,206.96,Test Evaluation
2016-05-08 09:00:00,330.0,203.97,Test Evaluation
2016-05-08 09:10:00,230.0,245.66,Test Evaluation
2016-05-08 09:20:00,60.0,205.35,Test Evaluation
2016-05-08 09:30:00,80.0,207.62,Test Evaluation
2016-05-08 09:40:00,80.0,139.11,Test Evaluation
2016-05-08 09:50:00,80.0,162.6,Test Evaluation
2016-05-08 10:00:00,410.0,105.33,Test Evaluation
2016-05-08 10:10:00,180.0,142.72,Test Evaluation
2016-05-08 10:20:00,50.0,171.98,Test Evaluation
2016-05-08 10:30:00,60.0,177.46,Test Evaluation
2016-05-08 10:40:00,50.0,169.71,Test Evaluation
2016-05-08 10:50:00,60.0,158.1,Test Evaluation
2016-05-08 11:00:00,50.0,81.6,Test Evaluation
2016-05-08 11:10:00,50.0,78.14,Test Evaluation
2016-05-08 11:20:00,50.0,87.34,Test Evaluation
2016-05-08 11:30:00,50.0,95.47,Test Evaluation
2016-05-08 11:40:00,60.0,94.81,Test Evaluation
2016-05-08 11:50:00,40.0,85.43,Test Evaluation
2016-05-08 12:00:00,60.0,83.84,Test Evaluation
2016-05-08 12:10:00,50.0,85.84,Test Evaluation
2016-05-08 12:20:00,60.0,86.19,Test Evaluation
2016-05-08 12:30:00,60.0,87.33,Test Evaluation
2016-05-08 12:40:00,60.0,86.38,Test Evaluation
2016-05-08 12:50:00,50.0,90.69,Test Evaluation
2016-05-08 13:00:00,60.0,86.86,Test Evaluation
2016-05-08 13:10:00,60.0,89.35,Test Evaluation
2016-05-08 13:20:00,50.0,86.49,Test Evaluation
2016-05-08 13:30:00,60.0,84.56,Test Evaluation
2016-05-08 13:40:00,60.0,84.25,Test Evaluation
2016-05-08 13:50:00,50.0,87.41,Test Evaluation
2016-05-08 14:00:00,60.0,88.01,Test Evaluation
2016-05-08 14:10:00,60.0,88.9,Test Evaluation
2016-05-08 14:20:00,50.0,94.81,Test Evaluation
2016-05-08 14:30:00,60.0,91.84,Test Evaluation
2016-05-08 14:40:00,50.0,92.33,Test Evaluation
2016-05-08 14:50:00,60.0,95.93,Test Evaluation
2016-05-08 15:00:00,40.0,94.23,Test Evaluation
2016-05-08 15:10:00,50.0,91.33,Test Evaluation
2016-05-08 15:20:00,50.0,92.63,Test Evaluation
2016-05-08 15:30:00,50.0,91.4,Test Evaluation
2016-05-08 15:40:00,50.0,91.39,Test Evaluation
2016-05-08 15:50:00,60.0,86.59,Test Evaluation
2016-05-08 16:00:00,60.0,93.53,Test Evaluation
2016-05-08 16:10:00,50.0,104.41,Test Evaluation
2016-05-08 16:20:00,60.0,103.06,Test Evaluation
2016-05-08 16:30:00,50.0,93.9,Test Evaluation
2016-05-08 16:40:00,60.0,93.72,Test Evaluation
2016-05-08 16:50:00,50.0,110.1,Test Evaluation
2016-05-08 17:00:00,70.0,99.88,Test Evaluation
2016-05-08 17:10:00,50.0,101.4,Test Evaluation
2016-05-08 17:20:00,60.0,99.01,Test Evaluation
2016-05-08 17:30:00,60.0,101.27,Test Evaluation
2016-05-08 17:40:00,60.0,108.41,Test Evaluation
2016-05-08 17:50:00,40.0,113.98,Test Evaluation
2016-05-08 18:00:00,60.0,110.21,Test Evaluation
2016-05-08 18:10:00,40.0,138.66,Test Evaluation
2016-05-08 18:20:00,50.0,136.78,Test Evaluation
2016-05-08 18:30:00,40.0,94.24,Test Evaluation
2016-05-08 18:40:00,50.0,86.05,Test Evaluation
2016-05-08 18:50:00,60.0,89.09,Test Evaluation
2016-05-08 19:00:00,50.0,88.42,Test Evaluation
2016-05-08 19:10:00,60.0,91.54,Test Evaluation
2016-05-08 19:20:00,50.0,89.64,Test Evaluation
2016-05-08 19:30:00,50.0,96.18,Test Evaluation
2016-05-08 19:40:00,60.0,87.21,Test Evaluation
2016-05-08 19:50:00,90.0,95.6,Test Evaluation
2016-05-08 20:00:00,70.0,88.02,Test Evaluation
2016-05-08 20:10:00,90.0,85.22,Test Evaluation
2016-05-08 20:20:00,80.0,92.8,Test Evaluation
2016-05-08 20:30:00,80.0,106.04,Test Evaluation
2016-05-08 20:40:00,70.0,94.62,Test Evaluation
2016-05-08 20:50:00,80.0,88.02,Test Evaluation
2016-05-08 21:00:00,70.0,88.76,Test Evaluation
2016-05-08 21:10:00,80.0,82.72,Test Evaluation
2016-05-08 21:20:00,60.0,81.75,Test Evaluation
2016-05-08 21:30:00,50.0,77.71,Test Evaluation
2016-05-08 21:40:00,60.0,71.68,Test Evaluation
2016-05-08 21:50:00,60.0,67.19,Test Evaluation
2016-05-08 22:00:00,60.0,68.06,Test Evaluation
2016-05-08 22:10:00,60.0,66.65,Test Evaluation
2016-05-08 22:20:00,60.0,69.1,Test Evaluation
2016-05-08 22:30:00,60.0,70.54,Test Evaluation
2016-05-08 22:40:00,50.0,69.23,Test Evaluation
2016-05-08 22:50:00,60.0,66.92,Test Evaluation
2016-05-08 23:00:00,50.0,68.58,Test Evaluation
2016-05-08 23:10:00,60.0,65.97,Test Evaluation
2016-05-08 23:20:00,50.0,67.43,Test Evaluation
2016-05-08 23:30:00,60.0,67.56,Test Evaluation
2016-05-08 23:40:00,60.0,69.38,Test Evaluation
2016-05-08 23:50:00,40.0,69.3,Test Evaluation
2016-05-09 00:00:00,60.0,61.92,Test Evaluation
2016-05-09 00:10:00,50.0,61.06,Test Evaluation
2016-05-09 00:20:00,50.0,62.35,Test Evaluation
2016-05-09 00:30:00,50.0,59.01,Test Evaluation
2016-05-09 00:40:00,60.0,58.99,Test Evaluation
2016-05-09 00:50:00,60.0,63.74,Test Evaluation
2016-05-09 01:00:00,50.0,63.32,Test Evaluation
2016-05-09 01:10:00,70.0,63.96,Test Evaluation
2016-05-09 01:20:00,50.0,66.55,Test Evaluation
2016-05-09 01:30:00,60.0,67.57,Test Evaluation
2016-05-09 01:40:00,60.0,67.58,Test Evaluation
2016-05-09 01:50:00,60.0,67.49,Test Evaluation
2016-05-09 02:00:00,50.0,68.24,Test Evaluation
2016-05-09 02:10:00,60.0,65.38,Test Evaluation
2016-05-09 02:20:00,60.0,67.7,Test Evaluation
2016-05-09 02:30:00,60.0,69.13,Test Evaluation
2016-05-09 02:40:00,50.0,70.15,Test Evaluation
2016-05-09 02:50:00,50.0,67.06,Test Evaluation
2016-05-09 03:00:00,50.0,69.99,Test Evaluation
2016-05-09 03:10:00,60.0,67.49,Test Evaluation
2016-05-09 03:20:00,40.0,68.17,Test Evaluation
2016-05-09 03:30:00,50.0,65.86,Test Evaluation
2016-05-09 03:40:00,60.0,65.56,Test Evaluation
2016-05-09 03:50:00,60.0,66.43,Test Evaluation
2016-05-09 04:00:00,50.0,67.72,Test Evaluation
2016-05-09 04:10:00,60.0,64.07,Test Evaluation
2016-05-09 04:20:00,60.0,68.6,Test Evaluation
2016-05-09 04:30:00,50.0,68.61,Test Evaluation
2016-05-09 04:40:00,60.0,67.22,Test Evaluation
2016-05-09 04:50:00,60.0,67.04,Test Evaluation
2016-05-09 05:00:00,90.0,70.58,Test Evaluation
2016-05-09 05:10:00,70.0,72.27,Test Evaluation
2016-05-09 05:20:00,50.0,80.15,Test Evaluation
2016-05-09 05:30:00,60.0,79.45,Test Evaluation
2016-05-09 05:40:00,70.0,79.24,Test Evaluation
2016-05-09 05:50:00,50.0,76.1,Test Evaluation
2016-05-09 06:00:00,60.0,70.87,Test Evaluation
2016-05-09 06:10:00,40.0,60.9,Test Evaluation
2016-05-09 06:20:00,70.0,61.3,Test Evaluation
2016-05-09 06:30:00,50.0,62.06,Test Evaluation
2016-05-09 06:40:00,60.0,59.57,Test Evaluation
2016-05-09 06:50:00,50.0,63.54,Test Evaluation
2016-05-09 07:00:00,60.0,74.32,Test Evaluation
2016-05-09 07:10:00,50.0,68.29,Test Evaluation
2016-05-09 07:20:00,60.0,66.4,Test Evaluation
2016-05-09 07:30:00,60.0,72.76,Test Evaluation
2016-05-09 07:40:00,60.0,92.66,Test Evaluation
2016-05-09 07:50:00,50.0,97.77,Test Evaluation
2016-05-09 08:00:00,50.0,80.64,Test Evaluation
2016-05-09 08:10:00,70.0,90.93,Test Evaluation
2016-05-09 08:20:00,50.0,100.44,Test Evaluation
2016-05-09 08:30:00,70.0,84.35,Test Evaluation
2016-05-09 08:40:00,60.0,100.46,Test Evaluation
2016-05-09 08:50:00,70.0,86.61,Test Evaluation
2016-05-09 09:00:00,70.0,104.68,Test Evaluation
2016-05-09 09:10:00,70.0,99.59,Test Evaluation
2016-05-09 09:20:00,70.0,96.55,Test Evaluation
2016-05-09 09:30:00,70.0,98.18,Test Evaluation
2016-05-09 09:40:00,60.0,109.25,Test Evaluation
2016-05-09 09:50:00,60.0,96.15,Test Evaluation
2016-05-09 10:00:00,60.0,113.82,Test Evaluation
2016-05-09 10:10:00,60.0,101.23,Test Evaluation
2016-05-09 10:20:00,50.0,93.21,Test Evaluation
2016-05-09 10:30:00,60.0,90.76,Test Evaluation
2016-05-09 10:40:00,50.0,91.59,Test Evaluation
2016-05-09 10:50:00,50.0,93.09,Test Evaluation
2016-05-09 11:00:00,50.0,90.44,Test Evaluation
2016-05-09 11:10:00,50.0,87.04,Test Evaluation
2016-05-09 11:20:00,60.0,86.25,Test Evaluation
2016-05-09 11:30:00,60.0,105.3,Test Evaluation
2016-05-09 11:40:00,80.0,106.76,Test Evaluation
2016-05-09 11:50:00,70.0,98.76,Test Evaluation
2016-05-09 12:00:00,70.0,93.0,Test Evaluation
2016-05-09 12:10:00,60.0,95.66,Test Evaluation
2016-05-09 12:20:00,230.0,96.17,Test Evaluation
2016-05-09 12:30:00,190.0,153.42,Test Evaluation
2016-05-09 12:40:00,180.0,158.52,Test Evaluation
2016-05-09 12:50:00,80.0,177.09,Test Evaluation
2016-05-09 13:00:00,80.0,168.95,Test Evaluation
2016-05-09 13:10:00,60.0,162.79,Test Evaluation
2016-05-09 13:20:00,360.0,122.12,Test Evaluation
2016-05-09 13:30:00,370.0,152.29,Test Evaluation
2016-05-09 13:40:00,110.0,180.03,Test Evaluation
2016-05-09 13:50:00,60.0,191.54,Test Evaluation
2016-05-09 14:00:00,70.0,187.98,Test Evaluation
2016-05-09 14:10:00,240.0,190.34,Test Evaluation
2016-05-09 14:20:00,60.0,148.55,Test Evaluation
2016-05-09 14:30:00,50.0,101.37,Test Evaluation
2016-05-09 14:40:00,60.0,109.47,Test Evaluation
2016-05-09 14:50:00,50.0,114.53,Test Evaluation
2016-05-09 15:00:00,60.0,111.56,Test Evaluation
2016-05-09 15:10:00,80.0,73.53,Test Evaluation
2016-05-09 15:20:00,60.0,90.69,Test Evaluation
2016-05-09 15:30:00,80.0,94.52,Test Evaluation
2016-05-09 15:40:00,70.0,118.29,Test Evaluation
2016-05-09 15:50:00,70.0,123.58,Test Evaluation
2016-05-09 16:00:00,70.0,133.4,Test Evaluation
2016-05-09 16:10:00,70.0,117.18,Test Evaluation
2016-05-09 16:20:00,70.0,120.45,Test Evaluation
2016-05-09 16:30:00,70.0,118.37,Test Evaluation
2016-05-09 16:40:00,100.0,120.25,Test Evaluation
2016-05-09 16:50:00,90.0,137.47,Test Evaluation
2016-05-09 17:00:00,90.0,150.76,Test Evaluation
2016-05-09 17:10:00,90.0,137.01,Test Evaluation
2016-05-09 17:20:00,170.0,139.57,Test Evaluation
2016-05-09 17:30:00,410.0,153.17,Test Evaluation
2016-05-09 17:40:00,540.0,191.28,Test Evaluation
2016-05-09 17:50:00,310.0,255.11,Test Evaluation
2016-05-09 18:00:00,110.0,266.67,Test Evaluation
2016-05-09 18:10:00,110.0,261.54,Test Evaluation
2016-05-09 18:20:00,110.0,256.09,Test Evaluation
2016-05-09 18:30:00,120.0,194.31,Test Evaluation
2016-05-09 18:40:00,160.0,133.6,Test Evaluation
2016-05-09 18:50:00,110.0,119.26,Test Evaluation
2016-05-09 19:00:00,120.0,134.45,Test Evaluation
2016-05-09 19:10:00,110.0,124.92,Test Evaluation
2016-05-09 19:20:00,110.0,113.96,Test Evaluation
2016-05-09 19:30:00,110.0,112.39,Test Evaluation
2016-05-09 19:40:00,100.0,103.9,Test Evaluation
2016-05-09 19:50:00,110.0,106.63,Test Evaluation
2016-05-09 20:00:00,100.0,103.87,Test Evaluation
2016-05-09 20:10:00,100.0,103.97,Test Evaluation
2016-05-09 20:20:00,100.0,101.21,Test Evaluation
2016-05-09 20:30:00,120.0,118.83,Test Evaluation
2016-05-09 20:40:00,80.0,120.87,Test Evaluation
2016-05-09 20:50:00,70.0,115.54,Test Evaluation
2016-05-09 21:00:00,70.0,120.75,Test Evaluation
2016-05-09 21:10:00,70.0,107.25,Test Evaluation
2016-05-09 21:20:00,70.0,101.66,Test Evaluation
2016-05-09 21:30:00,70.0,94.85,Test Evaluation
2016-05-09 21:40:00,80.0,96.36,Test Evaluation
2016-05-09 21:50:00,70.0,108.33,Test Evaluation
2016-05-09 22:00:00,70.0,99.48,Test Evaluation
2016-05-09 22:10:00,80.0,99.03,Test Evaluation
2016-05-09 22:20:00,70.0,100.88,Test Evaluation
2016-05-09 22:30:00,70.0,99.56,Test Evaluation
2016-05-09 22:40:00,80.0,109.38,Test Evaluation
2016-05-09 22:50:00,60.0,89.61,Test Evaluation
2016-05-09 23:00:00,60.0,76.96,Test Evaluation
2016-05-09 23:10:00,60.0,74.13,Test Evaluation
2016-05-09 23:20:00,60.0,70.97,Test Evaluation
2016-05-09 23:30:00,60.0,70.95,Test Evaluation
2016-05-09 23:40:00,50.0,67.19,Test Evaluation
2016-05-09 23:50:00,70.0,65.77,Test Evaluation
2016-05-10 00:00:00,50.0,56.82,Test Evaluation
2016-05-10 00:10:00,50.0,56.32,Test Evaluation
2016-05-10 00:20:00,60.0,55.2,Test Evaluation
2016-05-10 00:30:00,50.0,55.97,Test Evaluation
2016-05-10 00:40:00,50.0,57.38,Test Evaluation
2016-05-10 00:50:00,50.0,52.98,Test Evaluation
2016-05-10 01:00:00,50.0,53.35,Test Evaluation
2016-05-10 01:10:00,50.0,52.92,Test Evaluation
2016-05-10 01:20:00,50.0,50.68,Test Evaluation
2016-05-10 01:30:00,60.0,51.56,Test Evaluation
2016-05-10 01:40:00,50.0,54.69,Test Evaluation
2016-05-10 01:50:00,70.0,56.14,Test Evaluation
2016-05-10 02:00:00,60.0,58.59,Test Evaluation
2016-05-10 02:10:00,50.0,60.9,Test Evaluation
2016-05-10 02:20:00,70.0,61.3,Test Evaluation
2016-05-10 02:30:00,50.0,61.99,Test Evaluation
2016-05-10 02:40:00,60.0,61.78,Test Evaluation
2016-05-10 02:50:00,50.0,58.29,Test Evaluation
2016-05-10 03:00:00,70.0,58.35,Test Evaluation
2016-05-10 03:10:00,50.0,62.86,Test Evaluation
2016-05-10 03:20:00,60.0,57.66,Test Evaluation
2016-05-10 03:30:00,50.0,61.16,Test Evaluation
2016-05-10 03:40:00,60.0,59.51,Test Evaluation
2016-05-10 03:50:00,50.0,62.26,Test Evaluation
2016-05-10 04:00:00,50.0,56.63,Test Evaluation
2016-05-10 04:10:00,50.0,59.06,Test Evaluation
2016-05-10 04:20:00,50.0,56.43,Test Evaluation
2016-05-10 04:30:00,50.0,56.51,Test Evaluation
2016-05-10 04:40:00,50.0,55.25,Test Evaluation
2016-05-10 04:50:00,50.0,57.8,Test Evaluation
2016-05-10 05:00:00,100.0,60.49,Test Evaluation
2016-05-10 05:10:00,50.0,66.68,Test Evaluation
2016-05-10 05:20:00,80.0,72.32,Test Evaluation
2016-05-10 05:30:00,60.0,66.52,Test Evaluation
2016-05-10 05:40:00,80.0,68.67,Test Evaluation
2016-05-10 05:50:00,60.0,82.01,Test Evaluation
2016-05-10 06:00:00,70.0,64.18,Test Evaluation
2016-05-10 06:10:00,70.0,73.44,Test Evaluation
2016-05-10 06:20:00,60.0,68.29,Test Evaluation
2016-05-10 06:30:00,60.0,76.83,Test Evaluation
2016-05-10 06:40:00,60.0,61.88,Test Evaluation
2016-05-10 06:50:00,60.0,63.32,Test Evaluation
2016-05-10 07:00:00,60.0,73.11,Test Evaluation
2016-05-10 07:10:00,80.0,59.58,Test Evaluation
2016-05-10 07:20:00,50.0,61.38,Test Evaluation
2016-05-10 07:30:00,60.0,59.69,Test Evaluation
2016-05-10 07:40:00,50.0,60.42,Test Evaluation
2016-05-10 07:50:00,60.0,57.75,Test Evaluation
2016-05-10 08:00:00,50.0,59.21,Test Evaluation
2016-05-10 08:10:00,60.0,52.68,Test Evaluation
2016-05-10 08:20:00,50.0,56.0,Test Evaluation
2016-05-10 08:30:00,60.0,55.58,Test Evaluation
2016-05-10 08:40:00,60.0,59.12,Test Evaluation
2016-05-10 08:50:00,60.0,59.53,Test Evaluation
2016-05-10 09:00:00,60.0,61.52,Test Evaluation
2016-05-10 09:10:00,60.0,61.29,Test Evaluation
2016-05-10 09:20:00,60.0,62.77,Test Evaluation
2016-05-10 09:30:00,50.0,63.21,Test Evaluation
2016-05-10 09:40:00,50.0,62.12,Test Evaluation
2016-05-10 09:50:00,50.0,59.81,Test Evaluation
2016-05-10 10:00:00,50.0,57.73,Test Evaluation
2016-05-10 10:10:00,50.0,56.68,Test Evaluation
2016-05-10 10:20:00,50.0,54.98,Test Evaluation
2016-05-10 10:30:00,60.0,57.77,Test Evaluation
2016-05-10 10:40:00,50.0,61.05,Test Evaluation
2016-05-10 10:50:00,60.0,58.53,Test Evaluation
2016-05-10 11:00:00,60.0,59.72,Test Evaluation
2016-05-10 11:10:00,60.0,61.72,Test Evaluation
2016-05-10 11:20:00,50.0,63.68,Test Evaluation
2016-05-10 11:30:00,60.0,61.38,Test Evaluation
2016-05-10 11:40:00,60.0,65.7,Test Evaluation
2016-05-10 11:50:00,50.0,65.9,Test Evaluation
2016-05-10 12:00:00,60.0,65.61,Test Evaluation
2016-05-10 12:10:00,60.0,66.4,Test Evaluation
2016-05-10 12:20:00,50.0,76.42,Test Evaluation
2016-05-10 12:30:00,60.0,73.66,Test Evaluation
2016-05-10 12:40:00,60.0,70.95,Test Evaluation
2016-05-10 12:50:00,60.0,65.64,Test Evaluation
2016-05-10 13:00:00,50.0,66.66,Test Evaluation
2016-05-10 13:10:00,60.0,65.84,Test Evaluation
2016-05-10 13:20:00,50.0,85.43,Test Evaluation
2016-05-10 13:30:00,60.0,83.61,Test Evaluation
2016-05-10 13:40:00,50.0,67.9,Test Evaluation
2016-05-10 13:50:00,50.0,67.02,Test Evaluation
2016-05-10 14:00:00,50.0,68.7,Test Evaluation
2016-05-10 14:10:00,50.0,76.75,Test Evaluation
2016-05-10 14:20:00,50.0,67.12,Test Evaluation
2016-05-10 14:30:00,50.0,64.16,Test Evaluation
2016-05-10 14:40:00,60.0,65.64,Test Evaluation
2016-05-10 14:50:00,60.0,65.95,Test Evaluation
2016-05-10 15:00:00,50.0,67.45,Test Evaluation
2016-05-10 15:10:00,60.0,67.9,Test Evaluation
2016-05-10 15:20:00,60.0,69.01,Test Evaluation
2016-05-10 15:30:00,60.0,72.23,Test Evaluation
2016-05-10 15:40:00,60.0,71.24,Test Evaluation
2016-05-10 15:50:00,50.0,70.81,Test Evaluation
2016-05-10 16:00:00,60.0,72.59,Test Evaluation
2016-05-10 16:10:00,50.0,72.64,Test Evaluation
2016-05-10 16:20:00,60.0,70.84,Test Evaluation
2016-05-10 16:30:00,70.0,68.97,Test Evaluation
2016-05-10 16:40:00,70.0,71.89,Test Evaluation
2016-05-10 16:50:00,70.0,73.92,Test Evaluation
2016-05-10 17:00:00,80.0,76.48,Test Evaluation
2016-05-10 17:10:00,70.0,84.5,Test Evaluation
2016-05-10 17:20:00,80.0,108.66,Test Evaluation
2016-05-10 17:30:00,80.0,113.87,Test Evaluation
2016-05-10 17:40:00,100.0,119.74,Test Evaluation
2016-05-10 17:50:00,350.0,98.34,Test Evaluation
2016-05-10 18:00:00,140.0,128.52,Test Evaluation
2016-05-10 18:10:00,80.0,133.56,Test Evaluation
2016-05-10 18:20:00,80.0,133.49,Test Evaluation
2016-05-10 18:30:00,100.0,134.86,Test Evaluation
2016-05-10 18:40:00,110.0,135.11,Test Evaluation
2016-05-10 18:50:00,100.0,77.61,Test Evaluation
2016-05-10 19:00:00,100.0,87.27,Test Evaluation
2016-05-10 19:10:00,100.0,96.98,Test Evaluation
2016-05-10 19:20:00,100.0,104.4,Test Evaluation
2016-05-10 19:30:00,140.0,96.02,Test Evaluation
2016-05-10 19:40:00,90.0,94.71,Test Evaluation
2016-05-10 19:50:00,100.0,94.01,Test Evaluation
2016-05-10 20:00:00,90.0,92.87,Test Evaluation
2016-05-10 20:10:00,100.0,94.17,Test Evaluation
2016-05-10 20:20:00,90.0,95.09,Test Evaluation
2016-05-10 20:30:00,90.0,85.93,Test Evaluation
2016-05-10 20:40:00,100.0,86.83,Test Evaluation
2016-05-10 20:50:00,100.0,85.34,Test Evaluation
2016-05-10 21:00:00,110.0,95.49,Test Evaluation
2016-05-10 21:10:00,70.0,85.56,Test Evaluation
2016-05-10 21:20:00,60.0,83.24,Test Evaluation
2016-05-10 21:30:00,60.0,79.61,Test Evaluation
2016-05-10 21:40:00,50.0,73.31,Test Evaluation
2016-05-10 21:50:00,60.0,65.95,Test Evaluation
2016-05-10 22:00:00,60.0,59.1,Test Evaluation
2016-05-10 22:10:00,60.0,61.71,Test Evaluation
2016-05-10 22:20:00,50.0,62.1,Test Evaluation
2016-05-10 22:30:00,60.0,60.48,Test Evaluation
2016-05-10 22:40:00,60.0,63.88,Test Evaluation
2016-05-10 22:50:00,60.0,62.66,Test Evaluation
2016-05-10 23:00:00,60.0,63.53,Test Evaluation
2016-05-10 23:10:00,50.0,64.02,Test Evaluation
2016-05-10 23:20:00,60.0,64.18,Test Evaluation
2016-05-10 23:30:00,50.0,62.6,Test Evaluation
2016-05-10 23:40:00,70.0,61.54,Test Evaluation
2016-05-10 23:50:00,50.0,64.37,Test Evaluation
2016-05-11 00:00:00,60.0,50.38,Test Evaluation
2016-05-11 00:10:00,40.0,52.72,Test Evaluation
2016-05-11 00:20:00,50.0,49.44,Test Evaluation
2016-05-11 00:30:00,50.0,49.39,Test Evaluation
2016-05-11 00:40:00,60.0,44.9,Test Evaluation
2016-05-11 00:50:00,50.0,48.48,Test Evaluation
2016-05-11 01:00:00,60.0,46.91,Test Evaluation
2016-05-11 01:10:00,50.0,51.05,Test Evaluation
2016-05-11 01:20:00,60.0,51.52,Test Evaluation
2016-05-11 01:30:00,50.0,52.33,Test Evaluation
2016-05-11 01:40:00,70.0,50.27,Test Evaluation
2016-05-11 01:50:00,50.0,55.47,Test Evaluation
2016-05-11 02:00:00,60.0,52.68,Test Evaluation
2016-05-11 02:10:00,50.0,53.75,Test Evaluation
2016-05-11 02:20:00,60.0,53.95,Test Evaluation
2016-05-11 02:30:00,60.0,55.73,Test Evaluation
2016-05-11 02:40:00,60.0,53.56,Test Evaluation
2016-05-11 02:50:00,50.0,55.75,Test Evaluation
2016-05-11 03:00:00,60.0,55.06,Test Evaluation
2016-05-11 03:10:00,50.0,56.28,Test Evaluation
2016-05-11 03:20:00,50.0,54.27,Test Evaluation
2016-05-11 03:30:00,50.0,51.15,Test Evaluation
2016-05-11 03:40:00,50.0,51.37,Test Evaluation
2016-05-11 03:50:00,60.0,50.54,Test Evaluation
2016-05-11 04:00:00,50.0,51.15,Test Evaluation
2016-05-11 04:10:00,50.0,53.88,Test Evaluation
2016-05-11 04:20:00,50.0,52.82,Test Evaluation
2016-05-11 04:30:00,50.0,52.48,Test Evaluation
2016-05-11 04:40:00,50.0,52.07,Test Evaluation
2016-05-11 04:50:00,60.0,50.66,Test Evaluation
2016-05-11 05:00:00,60.0,55.93,Test Evaluation
2016-05-11 05:10:00,50.0,54.26,Test Evaluation
2016-05-11 05:20:00,60.0,54.78,Test Evaluation
2016-05-11 05:30:00,100.0,55.12,Test Evaluation
2016-05-11 05:40:00,70.0,62.84,Test Evaluation
2016-05-11 05:50:00,70.0,70.38,Test Evaluation
2016-05-11 06:00:00,320.0,62.04,Test Evaluation
2016-05-11 06:10:00,80.0,116.84,Test Evaluation
2016-05-11 06:20:00,60.0,111.11,Test Evaluation
2016-05-11 06:30:00,70.0,97.75,Test Evaluation
2016-05-11 06:40:00,60.0,101.32,Test Evaluation
2016-05-11 06:50:00,70.0,100.55,Test Evaluation
2016-05-11 07:00:00,70.0,45.72,Test Evaluation
2016-05-11 07:10:00,70.0,61.83,Test Evaluation
2016-05-11 07:20:00,80.0,64.14,Test Evaluation
2016-05-11 07:30:00,70.0,65.01,Test Evaluation
2016-05-11 07:40:00,70.0,66.27,Test Evaluation
2016-05-11 07:50:00,100.0,68.91,Test Evaluation
2016-05-11 08:00:00,410.0,72.09,Test Evaluation
2016-05-11 08:10:00,270.0,142.97,Test Evaluation
2016-05-11 08:20:00,60.0,172.28,Test Evaluation
2016-05-11 08:30:00,70.0,154.76,Test Evaluation
2016-05-11 08:40:00,80.0,157.1,Test Evaluation
2016-05-11 08:50:00,80.0,154.07,Test Evaluation
2016-05-11 09:00:00,40.0,85.91,Test Evaluation
2016-05-11 09:10:00,50.0,58.3,Test Evaluation
2016-05-11 09:20:00,70.0,71.16,Test Evaluation
2016-05-11 09:30:00,70.0,67.22,Test Evaluation
2016-05-11 09:40:00,90.0,64.08,Test Evaluation
2016-05-11 09:50:00,70.0,65.69,Test Evaluation
2016-05-11 10:00:00,60.0,72.4,Test Evaluation
2016-05-11 10:10:00,50.0,72.64,Test Evaluation
2016-05-11 10:20:00,70.0,67.25,Test Evaluation
2016-05-11 10:30:00,90.0,69.87,Test Evaluation
2016-05-11 10:40:00,60.0,78.4,Test Evaluation
2016-05-11 10:50:00,50.0,67.76,Test Evaluation
2016-05-11 11:00:00,50.0,70.48,Test Evaluation
2016-05-11 11:10:00,60.0,69.93,Test Evaluation
2016-05-11 11:20:00,60.0,68.07,Test Evaluation
2016-05-11 11:30:00,50.0,62.5,Test Evaluation
2016-05-11 11:40:00,60.0,63.89,Test Evaluation
2016-05-11 11:50:00,50.0,65.3,Test Evaluation
2016-05-11 12:00:00,70.0,66.15,Test Evaluation
2016-05-11 12:10:00,50.0,67.6,Test Evaluation
2016-05-11 12:20:00,60.0,63.42,Test Evaluation
2016-05-11 12:30:00,50.0,66.62,Test Evaluation
2016-05-11 12:40:00,60.0,66.21,Test Evaluation
2016-05-11 12:50:00,50.0,69.51,Test Evaluation
2016-05-11 13:00:00,70.0,64.77,Test Evaluation
2016-05-11 13:10:00,70.0,70.53,Test Evaluation
2016-05-11 13:20:00,80.0,73.07,Test Evaluation
2016-05-11 13:30:00,60.0,79.01,Test Evaluation
2016-05-11 13:40:00,90.0,76.69,Test Evaluation
2016-05-11 13:50:00,70.0,83.44,Test Evaluation
2016-05-11 14:00:00,90.0,81.47,Test Evaluation
2016-05-11 14:10:00,70.0,86.35,Test Evaluation
2016-05-11 14:20:00,90.0,84.23,Test Evaluation
2016-05-11 14:30:00,70.0,88.98,Test Evaluation
2016-05-11 14:40:00,80.0,84.15,Test Evaluation
2016-05-11 14:50:00,80.0,86.9,Test Evaluation
2016-05-11 15:00:00,80.0,84.67,Test Evaluation
2016-05-11 15:10:00,80.0,88.08,Test Evaluation
2016-05-11 15:20:00,80.0,84.88,Test Evaluation
2016-05-11 15:30:00,70.0,86.93,Test Evaluation
2016-05-11 15:40:00,80.0,84.78,Test Evaluation
2016-05-11 15:50:00,70.0,86.07,Test Evaluation
2016-05-11 16:00:00,70.0,86.42,Test Evaluation
2016-05-11 16:10:00,70.0,83.62,Test Evaluation
2016-05-11 16:20:00,80.0,79.41,Test Evaluation
2016-05-11 16:30:00,70.0,78.7,Test Evaluation
2016-05-11 16:40:00,80.0,72.25,Test Evaluation
2016-05-11 16:50:00,80.0,72.84,Test Evaluation
2016-05-11 17:00:00,70.0,73.0,Test Evaluation
2016-05-11 17:10:00,90.0,71.81,Test Evaluation
2016-05-11 17:20:00,80.0,74.9,Test Evaluation
2016-05-11 17:30:00,100.0,76.85,Test Evaluation
2016-05-11 17:40:00,110.0,81.72,Test Evaluation
2016-05-11 17:50:00,100.0,95.98,Test Evaluation
2016-05-11 18:00:00,110.0,86.27,Test Evaluation
2016-05-11 18:10:00,90.0,85.06,Test Evaluation
2016-05-11 18:20:00,100.0,92.63,Test Evaluation
2016-05-11 18:30:00,100.0,88.47,Test Evaluation
2016-05-11 18:40:00,100.0,87.41,Test Evaluation
2016-05-11 18:50:00,110.0,89.64,Test Evaluation
2016-05-11 19:00:00,90.0,91.62,Test Evaluation
2016-05-11 19:10:00,120.0,104.09,Test Evaluation
2016-05-11 19:20:00,90.0,94.41,Test Evaluation
2016-05-11 19:30:00,100.0,93.93,Test Evaluation
2016-05-11 19:40:00,80.0,89.75,Test Evaluation
2016-05-11 19:50:00,90.0,84.55,Test Evaluation
2016-05-11 20:00:00,100.0,84.74,Test Evaluation
2016-05-11 20:10:00,90.0,80.04,Test Evaluation
2016-05-11 20:20:00,90.0,82.79,Test Evaluation
2016-05-11 20:30:00,80.0,81.57,Test Evaluation
2016-05-11 20:40:00,70.0,83.43,Test Evaluation
2016-05-11 20:50:00,80.0,80.19,Test Evaluation
2016-05-11 21:00:00,70.0,75.39,Test Evaluation
2016-05-11 21:10:00,60.0,71.17,Test Evaluation
2016-05-11 21:20:00,50.0,66.09,Test Evaluation
2016-05-11 21:30:00,70.0,61.34,Test Evaluation
2016-05-11 21:40:00,60.0,61.72,Test Evaluation
2016-05-11 21:50:00,60.0,58.47,Test Evaluation
2016-05-11 22:00:00,50.0,56.84,Test Evaluation
2016-05-11 22:10:00,60.0,57.33,Test Evaluation
2016-05-11 22:20:00,40.0,58.28,Test Evaluation
2016-05-11 22:30:00,60.0,53.17,Test Evaluation
2016-05-11 22:40:00,70.0,52.62,Test Evaluation
2016-05-11 22:50:00,50.0,53.26,Test Evaluation
2016-05-11 23:00:00,50.0,56.07,Test Evaluation
2016-05-11 23:10:00,60.0,52.92,Test Evaluation
2016-05-11 23:20:00,50.0,57.27,Test Evaluation
2016-05-11 23:30:00,60.0,55.45,Test Evaluation
2016-05-11 23:40:00,60.0,54.69,Test Evaluation
2016-05-11 23:50:00,60.0,57.14,Test Evaluation
2016-05-12 00:00:00,60.0,46.27,Test Evaluation
2016-05-12 00:10:00,50.0,44.43,Test Evaluation
2016-05-12 00:20:00,60.0,45.47,Test Evaluation
2016-05-12 00:30:00,60.0,46.36,Test Evaluation
2016-05-12 00:40:00,60.0,47.95,Test Evaluation
2016-05-12 00:50:00,50.0,48.09,Test Evaluation
2016-05-12 01:00:00,60.0,47.61,Test Evaluation
2016-05-12 01:10:00,50.0,49.95,Test Evaluation
2016-05-12 01:20:00,60.0,47.98,Test Evaluation
2016-05-12 01:30:00,60.0,46.85,Test Evaluation
2016-05-12 01:40:00,60.0,47.23,Test Evaluation
2016-05-12 01:50:00,50.0,47.15,Test Evaluation
2016-05-12 02:00:00,60.0,46.71,Test Evaluation
2016-05-12 02:10:00,50.0,47.89,Test Evaluation
2016-05-12 02:20:00,70.0,45.61,Test Evaluation
2016-05-12 02:30:00,50.0,48.27,Test Evaluation
2016-05-12 02:40:00,60.0,48.12,Test Evaluation
2016-05-12 02:50:00,50.0,50.16,Test Evaluation
2016-05-12 03:00:00,50.0,48.91,Test Evaluation
2016-05-12 03:10:00,50.0,48.9,Test Evaluation
2016-05-12 03:20:00,50.0,44.33,Test Evaluation
2016-05-12 03:30:00,50.0,46.18,Test Evaluation
2016-05-12 03:40:00,50.0,44.99,Test Evaluation
2016-05-12 03:50:00,50.0,45.96,Test Evaluation
2016-05-12 04:00:00,60.0,44.91,Test Evaluation
2016-05-12 04:10:00,50.0,47.15,Test Evaluation
2016-05-12 04:20:00,70.0,46.9,Test Evaluation
2016-05-12 04:30:00,50.0,49.1,Test Evaluation
2016-05-12 04:40:00,50.0,49.2,Test Evaluation
2016-05-12 04:50:00,60.0,48.52,Test Evaluation
2016-05-12 05:00:00,60.0,46.9,Test Evaluation
2016-05-12 05:10:00,50.0,48.37,Test Evaluation
2016-05-12 05:20:00,60.0,45.91,Test Evaluation
2016-05-12 05:30:00,90.0,51.59,Test Evaluation
2016-05-12 05:40:00,50.0,56.91,Test Evaluation
2016-05-12 05:50:00,60.0,53.5,Test Evaluation
2016-05-12 06:00:00,50.0,77.95,Test Evaluation
2016-05-12 06:10:00,40.0,56.44,Test Evaluation
2016-05-12 06:20:00,50.0,51.76,Test Evaluation
2016-05-12 06:30:00,40.0,45.15,Test Evaluation
2016-05-12 06:40:00,50.0,46.63,Test Evaluation
2016-05-12 06:50:00,60.0,47.17,Test Evaluation
2016-05-12 07:00:00,60.0,57.65,Test Evaluation
2016-05-12 07:10:00,60.0,75.77,Test Evaluation
2016-05-12 07:20:00,50.0,61.62,Test Evaluation
2016-05-12 07:30:00,60.0,69.78,Test Evaluation
2016-05-12 07:40:00,50.0,62.82,Test Evaluation
2016-05-12 07:50:00,70.0,62.77,Test Evaluation
2016-05-12 08:00:00,50.0,84.44,Test Evaluation
2016-05-12 08:10:00,60.0,74.04,Test Evaluation
2016-05-12 08:20:00,50.0,63.87,Test Evaluation
2016-05-12 08:30:00,50.0,64.55,Test Evaluation
2016-05-12 08:40:00,50.0,82.16,Test Evaluation
2016-05-12 08:50:00,50.0,69.98,Test Evaluation
2016-05-12 09:00:00,40.0,61.01,Test Evaluation
2016-05-12 09:10:00,50.0,66.56,Test Evaluation
2016-05-12 09:20:00,40.0,59.07,Test Evaluation
2016-05-12 09:30:00,50.0,57.79,Test Evaluation
2016-05-12 09:40:00,50.0,58.45,Test Evaluation
2016-05-12 09:50:00,60.0,58.32,Test Evaluation
2016-05-12 10:00:00,60.0,64.35,Test Evaluation
2016-05-12 10:10:00,60.0,63.06,Test Evaluation
2016-05-12 10:20:00,60.0,67.52,Test Evaluation
2016-05-12 10:30:00,50.0,69.0,Test Evaluation
2016-05-12 10:40:00,60.0,77.55,Test Evaluation
2016-05-12 10:50:00,60.0,64.55,Test Evaluation
2016-05-12 11:00:00,50.0,66.09,Test Evaluation
2016-05-12 11:10:00,50.0,65.51,Test Evaluation
2016-05-12 11:20:00,50.0,64.5,Test Evaluation
2016-05-12 11:30:00,50.0,64.54,Test Evaluation
2016-05-12 11:40:00,50.0,62.44,Test Evaluation
2016-05-12 11:50:00,50.0,60.6,Test Evaluation
2016-05-12 12:00:00,50.0,63.29,Test Evaluation
2016-05-12 12:10:00,60.0,66.78,Test Evaluation
2016-05-12 12:20:00,60.0,78.26,Test Evaluation
2016-05-12 12:30:00,50.0,65.48,Test Evaluation
2016-05-12 12:40:00,60.0,65.64,Test Evaluation
2016-05-12 12:50:00,50.0,66.98,Test Evaluation
2016-05-12 13:00:00,60.0,65.31,Test Evaluation
2016-05-12 13:10:00,60.0,64.8,Test Evaluation
2016-05-12 13:20:00,60.0,65.84,Test Evaluation
2016-05-12 13:30:00,50.0,64.62,Test Evaluation
2016-05-12 13:40:00,60.0,67.45,Test Evaluation
2016-05-12 13:50:00,50.0,69.24,Test Evaluation
2016-05-12 14:00:00,60.0,68.24,Test Evaluation
2016-05-12 14:10:00,60.0,67.66,Test Evaluation
2016-05-12 14:20:00,60.0,69.61,Test Evaluation
2016-05-12 14:30:00,50.0,70.55,Test Evaluation
2016-05-12 14:40:00,70.0,69.29,Test Evaluation
2016-05-12 14:50:00,40.0,71.33,Test Evaluation
2016-05-12 15:00:00,50.0,68.62,Test Evaluation
2016-05-12 15:10:00,60.0,69.32,Test Evaluation
2016-05-12 15:20:00,80.0,68.08,Test Evaluation
2016-05-12 15:30:00,60.0,71.24,Test Evaluation
2016-05-12 15:40:00,80.0,68.76,Test Evaluation
2016-05-12 15:50:00,80.0,77.2,Test Evaluation
2016-05-12 16:00:00,100.0,81.14,Test Evaluation
2016-05-12 16:10:00,100.0,87.65,Test Evaluation
2016-05-12 16:20:00,110.0,90.5,Test Evaluation
2016-05-12 16:30:00,200.0,96.32,Test Evaluation
2016-05-12 16:40:00,100.0,111.1,Test Evaluation
2016-05-12 16:50:00,100.0,111.54,Test Evaluation
2016-05-12 17:00:00,100.0,111.04,Test Evaluation
2016-05-12 17:10:00,110.0,110.82,Test Evaluation
2016-05-12 17:20:00,120.0,109.9,Test Evaluation
2016-05-12 17:30:00,110.0,100.51,Test Evaluation
2016-05-12 17:40:00,470.0,115.47,Test Evaluation
2016-05-12 17:50:00,340.0,179.18,Test Evaluation
2016-05-12 18:00:00,100.0,197.75,Test Evaluation
2016-05-12 18:10:00,110.0,179.89,Test Evaluation
2016-05-12 18:20:00,110.0,176.41,Test Evaluation
2016-05-12 18:30:00,90.0,179.97,Test Evaluation
2016-05-12 18:40:00,110.0,97.41,Test Evaluation
2016-05-12 18:50:00,110.0,74.01,Test Evaluation
2016-05-12 19:00:00,130.0,93.39,Test Evaluation
2016-05-12 19:10:00,120.0,100.4,Test Evaluation
2016-05-12 19:20:00,120.0,99.88,Test Evaluation
2016-05-12 19:30:00,120.0,104.98,Test Evaluation
2016-05-12 19:40:00,130.0,105.16,Test Evaluation
2016-05-12 19:50:00,120.0,108.01,Test Evaluation
2016-05-12 20:00:00,130.0,105.39,Test Evaluation
2016-05-12 20:10:00,120.0,107.44,Test Evaluation
2016-05-12 20:20:00,80.0,106.98,Test Evaluation
2016-05-12 20:30:00,70.0,100.83,Test Evaluation
2016-05-12 20:40:00,70.0,92.0,Test Evaluation
2016-05-12 20:50:00,130.0,85.2,Test Evaluation
2016-05-12 21:00:00,80.0,83.46,Test Evaluation
2016-05-12 21:10:00,70.0,88.2,Test Evaluation
2016-05-12 21:20:00,80.0,86.17,Test Evaluation
2016-05-12 21:30:00,80.0,87.61,Test Evaluation
2016-05-12 21:40:00,60.0,77.54,Test Evaluation
2016-05-12 21:50:00,60.0,64.02,Test Evaluation
2016-05-12 22:00:00,60.0,64.46,Test Evaluation
2016-05-12 22:10:00,60.0,63.4,Test Evaluation
2016-05-12 22:20:00,70.0,59.72,Test Evaluation
2016-05-12 22:30:00,50.0,58.09,Test Evaluation
2016-05-12 22:40:00,60.0,59.67,Test Evaluation
2016-05-12 22:50:00,60.0,57.95,Test Evaluation
2016-05-12 23:00:00,60.0,58.02,Test Evaluation
2016-05-12 23:10:00,60.0,60.29,Test Evaluation
2016-05-12 23:20:00,60.0,56.79,Test Evaluation
2016-05-12 23:30:00,50.0,60.25,Test Evaluation
2016-05-12 23:40:00,60.0,58.23,Test Evaluation
2016-05-12 23:50:00,50.0,58.47,Test Evaluation
2016-05-13 00:00:00,70.0,45.63,Test Evaluation
2016-05-13 00:10:00,50.0,46.67,Test Evaluation
2016-05-13 00:20:00,60.0,43.98,Test Evaluation
2016-05-13 00:30:00,40.0,47.96,Test Evaluation
2016-05-13 00:40:00,60.0,44.7,Test Evaluation
2016-05-13 00:50:00,50.0,46.64,Test Evaluation
2016-05-13 01:00:00,50.0,43.19,Test Evaluation
2016-05-13 01:10:00,50.0,43.73,Test Evaluation
2016-05-13 01:20:00,50.0,42.67,Test Evaluation
2016-05-13 01:30:00,60.0,45.49,Test Evaluation
2016-05-13 01:40:00,60.0,44.18,Test Evaluation
2016-05-13 01:50:00,50.0,46.32,Test Evaluation
2016-05-13 02:00:00,60.0,45.94,Test Evaluation
2016-05-13 02:10:00,60.0,45.77,Test Evaluation
2016-05-13 02:20:00,50.0,49.01,Test Evaluation
2016-05-13 02:30:00,60.0,46.84,Test Evaluation
2016-05-13 02:40:00,60.0,46.23,Test Evaluation
2016-05-13 02:50:00,60.0,49.26,Test Evaluation
2016-05-13 03:00:00,60.0,48.6,Test Evaluation
2016-05-13 03:10:00,60.0,49.02,Test Evaluation
2016-05-13 03:20:00,50.0,51.0,Test Evaluation
2016-05-13 03:30:00,60.0,49.04,Test Evaluation
2016-05-13 03:40:00,60.0,48.94,Test Evaluation
2016-05-13 03:50:00,60.0,47.83,Test Evaluation
2016-05-13 04:00:00,50.0,48.44,Test Evaluation
2016-05-13 04:10:00,50.0,46.6,Test Evaluation
2016-05-13 04:20:00,50.0,49.21,Test Evaluation
2016-05-13 04:30:00,50.0,45.67,Test Evaluation
2016-05-13 04:40:00,50.0,45.95,Test Evaluation
2016-05-13 04:50:00,50.0,44.52,Test Evaluation
2016-05-13 05:00:00,50.0,46.32,Test Evaluation
2016-05-13 05:10:00,60.0,44.58,Test Evaluation
2016-05-13 05:20:00,50.0,46.48,Test Evaluation
2016-05-13 05:30:00,60.0,48.22,Test Evaluation
2016-05-13 05:40:00,60.0,47.36,Test Evaluation
2016-05-13 05:50:00,70.0,51.81,Test Evaluation
2016-05-13 06:00:00,60.0,55.16,Test Evaluation
2016-05-13 06:10:00,70.0,53.33,Test Evaluation
2016-05-13 06:20:00,190.0,59.79,Test Evaluation
2016-05-13 06:30:00,370.0,80.03,Test Evaluation
2016-05-13 06:40:00,100.0,124.87,Test Evaluation
2016-05-13 06:50:00,90.0,127.88,Test Evaluation
2016-05-13 07:00:00,110.0,132.64,Test Evaluation
2016-05-13 07:10:00,80.0,137.68,Test Evaluation
2016-05-13 07:20:00,120.0,113.91,Test Evaluation
2016-05-13 07:30:00,110.0,101.96,Test Evaluation
2016-05-13 07:40:00,80.0,114.45,Test Evaluation
2016-05-13 07:50:00,560.0,99.57,Test Evaluation
2016-05-13 08:00:00,660.0,168.54,Test Evaluation
2016-05-13 08:10:00,330.0,273.43,Test Evaluation
2016-05-13 08:20:00,270.0,304.82,Test Evaluation
2016-05-13 08:30:00,290.0,329.51,Test Evaluation
2016-05-13 08:40:00,230.0,366.15,Test Evaluation
2016-05-13 08:50:00,250.0,291.85,Test Evaluation
2016-05-13 09:00:00,190.0,214.07,Test Evaluation
2016-05-13 09:10:00,80.0,219.62,Test Evaluation
2016-05-13 09:20:00,70.0,216.58,Test Evaluation
2016-05-13 09:30:00,60.0,192.5,Test Evaluation
2016-05-13 09:40:00,80.0,159.96,Test Evaluation
2016-05-13 09:50:00,80.0,109.84,Test Evaluation
2016-05-13 10:00:00,70.0,100.32,Test Evaluation
2016-05-13 10:10:00,60.0,106.17,Test Evaluation
2016-05-13 10:20:00,80.0,102.51,Test Evaluation
2016-05-13 10:30:00,70.0,107.28,Test Evaluation
2016-05-13 10:40:00,80.0,113.15,Test Evaluation
2016-05-13 10:50:00,80.0,101.92,Test Evaluation
2016-05-13 11:00:00,110.0,103.16,Test Evaluation
2016-05-13 11:10:00,600.0,111.15,Test Evaluation
2016-05-13 11:20:00,560.0,186.17,Test Evaluation
2016-05-13 11:30:00,320.0,238.07,Test Evaluation
2016-05-13 11:40:00,260.0,276.36,Test Evaluation
2016-05-13 11:50:00,280.0,315.93,Test Evaluation
2016-05-13 12:00:00,260.0,341.73,Test Evaluation
2016-05-13 12:10:00,240.0,241.85,Test Evaluation
2016-05-13 12:20:00,210.0,193.5,Test Evaluation
2016-05-13 12:30:00,100.0,193.31,Test Evaluation
2016-05-13 12:40:00,380.0,176.74,Test Evaluation
2016-05-13 12:50:00,620.0,186.33,Test Evaluation
2016-05-13 13:00:00,310.0,244.46,Test Evaluation
2016-05-13 13:10:00,270.0,258.68,Test Evaluation
2016-05-13 13:20:00,280.0,270.83,Test Evaluation
2016-05-13 13:30:00,240.0,303.31,Test Evaluation
2016-05-13 13:40:00,280.0,262.6,Test Evaluation
2016-05-13 13:50:00,230.0,196.16,Test Evaluation
2016-05-13 14:00:00,170.0,208.71,Test Evaluation
2016-05-13 14:10:00,170.0,197.54,Test Evaluation
2016-05-13 14:20:00,620.0,184.75,Test Evaluation
2016-05-13 14:30:00,460.0,256.61,Test Evaluation
2016-05-13 14:40:00,240.0,283.35,Test Evaluation
2016-05-13 14:50:00,250.0,273.25,Test Evaluation
2016-05-13 15:00:00,270.0,285.34,Test Evaluation
2016-05-13 15:10:00,250.0,301.88,Test Evaluation
2016-05-13 15:20:00,220.0,214.98,Test Evaluation
2016-05-13 15:30:00,170.0,190.72,Test Evaluation
2016-05-13 15:40:00,100.0,197.07,Test Evaluation
2016-05-13 15:50:00,200.0,174.98,Test Evaluation
2016-05-13 16:00:00,350.0,164.04,Test Evaluation
2016-05-13 16:10:00,300.0,182.71,Test Evaluation
2016-05-13 16:20:00,450.0,198.12,Test Evaluation
2016-05-13 16:30:00,450.0,247.93,Test Evaluation
2016-05-13 16:40:00,290.0,300.85,Test Evaluation
2016-05-13 16:50:00,270.0,306.73,Test Evaluation
2016-05-13 17:00:00,280.0,284.26,Test Evaluation
2016-05-13 17:10:00,200.0,284.51,Test Evaluation
2016-05-13 17:20:00,120.0,234.86,Test Evaluation
2016-05-13 17:30:00,120.0,182.41,Test Evaluation
2016-05-13 17:40:00,110.0,186.4,Test Evaluation
2016-05-13 17:50:00,560.0,155.7,Test Evaluation
2016-05-13 18:00:00,450.0,191.2,Test Evaluation
2016-05-13 18:10:00,490.0,232.21,Test Evaluation
2016-05-13 18:20:00,280.0,288.66,Test Evaluation
2016-05-13 18:30:00,280.0,311.65,Test Evaluation
2016-05-13 18:40:00,310.0,336.33,Test Evaluation
2016-05-13 18:50:00,280.0,278.09,Test Evaluation
2016-05-13 19:00:00,310.0,253.25,Test Evaluation
2016-05-13 19:10:00,330.0,224.3,Test Evaluation
2016-05-13 19:20:00,190.0,251.71,Test Evaluation
2016-05-13 19:30:00,130.0,241.93,Test Evaluation
2016-05-13 19:40:00,140.0,212.3,Test Evaluation
2016-05-13 19:50:00,150.0,189.71,Test Evaluation
2016-05-13 20:00:00,140.0,160.08,Test Evaluation
2016-05-13 20:10:00,130.0,126.08,Test Evaluation
2016-05-13 20:20:00,130.0,123.44,Test Evaluation
2016-05-13 20:30:00,100.0,126.88,Test Evaluation
2016-05-13 20:40:00,120.0,117.1,Test Evaluation
2016-05-13 20:50:00,100.0,124.15,Test Evaluation
2016-05-13 21:00:00,80.0,104.45,Test Evaluation
2016-05-13 21:10:00,60.0,95.32,Test Evaluation
2016-05-13 21:20:00,60.0,85.49,Test Evaluation
2016-05-13 21:30:00,60.0,83.75,Test Evaluation
2016-05-13 21:40:00,60.0,70.2,Test Evaluation
2016-05-13 21:50:00,60.0,66.1,Test Evaluation
2016-05-13 22:00:00,60.0,66.11,Test Evaluation
2016-05-13 22:10:00,50.0,66.46,Test Evaluation
2016-05-13 22:20:00,50.0,65.05,Test Evaluation
2016-05-13 22:30:00,50.0,63.26,Test Evaluation
2016-05-13 22:40:00,60.0,62.27,Test Evaluation
2016-05-13 22:50:00,60.0,63.83,Test Evaluation
2016-05-13 23:00:00,60.0,64.63,Test Evaluation
2016-05-13 23:10:00,70.0,67.15,Test Evaluation
2016-05-13 23:20:00,60.0,70.29,Test Evaluation
2016-05-13 23:30:00,60.0,71.71,Test Evaluation
2016-05-13 23:40:00,60.0,70.35,Test Evaluation
2016-05-13 23:50:00,60.0,70.64,Test Evaluation
2016-05-14 00:00:00,50.0,59.32,Test Evaluation
2016-05-14 00:10:00,60.0,54.73,Test Evaluation
2016-05-14 00:20:00,50.0,56.06,Test Evaluation
2016-05-14 00:30:00,60.0,53.79,Test Evaluation
2016-05-14 00:40:00,60.0,56.12,Test Evaluation
2016-05-14 00:50:00,70.0,54.88,Test Evaluation
2016-05-14 01:00:00,60.0,59.4,Test Evaluation
2016-05-14 01:10:00,70.0,58.07,Test Evaluation
2016-05-14 01:20:00,60.0,62.11,Test Evaluation
2016-05-14 01:30:00,60.0,61.77,Test Evaluation
2016-05-14 01:40:00,70.0,61.64,Test Evaluation
2016-05-14 01:50:00,60.0,59.29,Test Evaluation
2016-05-14 02:00:00,60.0,62.53,Test Evaluation
2016-05-14 02:10:00,50.0,58.92,Test Evaluation
2016-05-14 02:20:00,60.0,60.12,Test Evaluation
2016-05-14 02:30:00,60.0,59.31,Test Evaluation
2016-05-14 02:40:00,60.0,58.25,Test Evaluation
2016-05-14 02:50:00,70.0,59.6,Test Evaluation
2016-05-14 03:00:00,60.0,60.98,Test Evaluation
2016-05-14 03:10:00,70.0,64.89,Test Evaluation
2016-05-14 03:20:00,60.0,64.86,Test Evaluation
2016-05-14 03:30:00,60.0,66.63,Test Evaluation
2016-05-14 03:40:00,50.0,66.77,Test Evaluation
2016-05-14 03:50:00,60.0,63.41,Test Evaluation
2016-05-14 04:00:00,60.0,63.86,Test Evaluation
2016-05-14 04:10:00,50.0,62.15,Test Evaluation
2016-05-14 04:20:00,60.0,60.13,Test Evaluation
2016-05-14 04:30:00,60.0,61.87,Test Evaluation
2016-05-14 04:40:00,60.0,64.29,Test Evaluation
2016-05-14 04:50:00,70.0,63.83,Test Evaluation
2016-05-14 05:00:00,60.0,66.27,Test Evaluation
2016-05-14 05:10:00,60.0,68.55,Test Evaluation
2016-05-14 05:20:00,60.0,68.23,Test Evaluation
2016-05-14 05:30:00,50.0,67.26,Test Evaluation
2016-05-14 05:40:00,60.0,66.16,Test Evaluation
2016-05-14 05:50:00,50.0,64.92,Test Evaluation
2016-05-14 06:00:00,60.0,63.24,Test Evaluation
2016-05-14 06:10:00,70.0,64.83,Test Evaluation
2016-05-14 06:20:00,50.0,73.0,Test Evaluation
2016-05-14 06:30:00,70.0,84.87,Test Evaluation
2016-05-14 06:40:00,60.0,71.73,Test Evaluation
2016-05-14 06:50:00,70.0,73.64,Test Evaluation
2016-05-14 07:00:00,70.0,75.81,Test Evaluation
2016-05-14 07:10:00,60.0,74.65,Test Evaluation
2016-05-14 07:20:00,100.0,79.98,Test Evaluation
2016-05-14 07:30:00,50.0,95.33,Test Evaluation
2016-05-14 07:40:00,80.0,97.94,Test Evaluation
2016-05-14 07:50:00,320.0,107.54,Test Evaluation
2016-05-14 08:00:00,350.0,150.67,Test Evaluation
2016-05-14 08:10:00,160.0,178.2,Test Evaluation
2016-05-14 08:20:00,70.0,183.22,Test Evaluation
2016-05-14 08:30:00,80.0,193.29,Test Evaluation
2016-05-14 08:40:00,70.0,194.15,Test Evaluation
2016-05-14 08:50:00,70.0,136.47,Test Evaluation
2016-05-14 09:00:00,70.0,84.17,Test Evaluation
2016-05-14 09:10:00,80.0,84.36,Test Evaluation
2016-05-14 09:20:00,80.0,93.52,Test Evaluation
2016-05-14 09:30:00,100.0,89.88,Test Evaluation
2016-05-14 09:40:00,90.0,87.37,Test Evaluation
2016-05-14 09:50:00,290.0,90.01,Test Evaluation
2016-05-14 10:00:00,430.0,123.21,Test Evaluation
2016-05-14 10:10:00,100.0,175.94,Test Evaluation
2016-05-14 10:20:00,100.0,179.99,Test Evaluation
2016-05-14 10:30:00,100.0,194.0,Test Evaluation
2016-05-14 10:40:00,110.0,191.07,Test Evaluation
2016-05-14 10:50:00,110.0,140.02,Test Evaluation
2016-05-14 11:00:00,110.0,86.84,Test Evaluation
2016-05-14 11:10:00,90.0,138.4,Test Evaluation
2016-05-14 11:20:00,90.0,133.24,Test Evaluation
2016-05-14 11:30:00,100.0,124.26,Test Evaluation
2016-05-14 11:40:00,90.0,109.67,Test Evaluation
2016-05-14 11:50:00,100.0,97.24,Test Evaluation
2016-05-14 12:00:00,110.0,97.8,Test Evaluation
2016-05-14 12:10:00,110.0,101.1,Test Evaluation
2016-05-14 12:20:00,130.0,102.88,Test Evaluation
2016-05-14 12:30:00,110.0,100.51,Test Evaluation
2016-05-14 12:40:00,110.0,119.6,Test Evaluation
2016-05-14 12:50:00,130.0,131.98,Test Evaluation
2016-05-14 13:00:00,110.0,118.63,Test Evaluation
2016-05-14 13:10:00,130.0,116.03,Test Evaluation
2016-05-14 13:20:00,130.0,126.06,Test Evaluation
2016-05-14 13:30:00,120.0,117.25,Test Evaluation
2016-05-14 13:40:00,90.0,124.67,Test Evaluation
2016-05-14 13:50:00,100.0,120.09,Test Evaluation
2016-05-14 14:00:00,100.0,119.88,Test Evaluation
2016-05-14 14:10:00,110.0,114.56,Test Evaluation
2016-05-14 14:20:00,110.0,136.19,Test Evaluation
2016-05-14 14:30:00,100.0,124.0,Test Evaluation
2016-05-14 14:40:00,90.0,114.02,Test Evaluation
2016-05-14 14:50:00,130.0,116.18,Test Evaluation
2016-05-14 15:00:00,120.0,126.59,Test Evaluation
2016-05-14 15:10:00,140.0,125.46,Test Evaluation
2016-05-14 15:20:00,130.0,127.65,Test Evaluation
2016-05-14 15:30:00,130.0,130.21,Test Evaluation
2016-05-14 15:40:00,130.0,131.38,Test Evaluation
2016-05-14 15:50:00,130.0,130.98,Test Evaluation
2016-05-14 16:00:00,120.0,142.45,Test Evaluation
2016-05-14 16:10:00,110.0,134.82,Test Evaluation
2016-05-14 16:20:00,110.0,140.17,Test Evaluation
2016-05-14 16:30:00,110.0,137.81,Test Evaluation
2016-05-14 16:40:00,110.0,126.71,Test Evaluation
2016-05-14 16:50:00,110.0,119.06,Test Evaluation
2016-05-14 17:00:00,100.0,120.88,Test Evaluation
2016-05-14 17:10:00,100.0,114.32,Test Evaluation
2016-05-14 17:20:00,90.0,107.82,Test Evaluation
2016-05-14 17:30:00,100.0,102.37,Test Evaluation
2016-05-14 17:40:00,490.0,100.22,Test Evaluation
2016-05-14 17:50:00,570.0,189.08,Test Evaluation
2016-05-14 18:00:00,460.0,230.28,Test Evaluation
2016-05-14 18:10:00,120.0,311.45,Test Evaluation
2016-05-14 18:20:00,100.0,292.44,Test Evaluation
2016-05-14 18:30:00,110.0,284.1,Test Evaluation
2016-05-14 18:40:00,110.0,192.42,Test Evaluation
2016-05-14 18:50:00,100.0,128.93,Test Evaluation
2016-05-14 19:00:00,100.0,90.02,Test Evaluation
2016-05-14 19:10:00,90.0,115.69,Test Evaluation
2016-05-14 19:20:00,90.0,111.24,Test Evaluation
2016-05-14 19:30:00,90.0,107.87,Test Evaluation
2016-05-14 19:40:00,90.0,103.25,Test Evaluation
2016-05-14 19:50:00,80.0,111.41,Test Evaluation
2016-05-14 20:00:00,110.0,92.06,Test Evaluation
2016-05-14 20:10:00,90.0,93.75,Test Evaluation
2016-05-14 20:20:00,80.0,92.33,Test Evaluation
2016-05-14 20:30:00,80.0,88.09,Test Evaluation
2016-05-14 20:40:00,80.0,96.92,Test Evaluation
2016-05-14 20:50:00,80.0,84.6,Test Evaluation
2016-05-14 21:00:00,80.0,76.7,Test Evaluation
2016-05-14 21:10:00,80.0,74.83,Test Evaluation
2016-05-14 21:20:00,70.0,74.02,Test Evaluation
2016-05-14 21:30:00,80.0,70.96,Test Evaluation
2016-05-14 21:40:00,70.0,70.55,Test Evaluation
2016-05-14 21:50:00,70.0,70.61,Test Evaluation
2016-05-14 22:00:00,90.0,71.13,Test Evaluation
2016-05-14 22:10:00,70.0,80.45,Test Evaluation
2016-05-14 22:20:00,50.0,71.02,Test Evaluation
2016-05-14 22:30:00,50.0,64.25,Test Evaluation
2016-05-14 22:40:00,50.0,62.67,Test Evaluation
2016-05-14 22:50:00,60.0,59.53,Test Evaluation
2016-05-14 23:00:00,50.0,55.47,Test Evaluation
2016-05-14 23:10:00,40.0,53.54,Test Evaluation
2016-05-14 23:20:00,50.0,52.39,Test Evaluation
2016-05-14 23:30:00,50.0,54.12,Test Evaluation
2016-05-14 23:40:00,50.0,53.83,Test Evaluation
2016-05-14 23:50:00,50.0,51.5,Test Evaluation
2016-05-15 00:00:00,60.0,41.12,Test Evaluation
2016-05-15 00:10:00,50.0,45.47,Test Evaluation
2016-05-15 00:20:00,60.0,44.35,Test Evaluation
2016-05-15 00:30:00,50.0,45.34,Test Evaluation
2016-05-15 00:40:00,50.0,45.84,Test Evaluation
2016-05-15 00:50:00,50.0,46.67,Test Evaluation
2016-05-15 01:00:00,50.0,44.42,Test Evaluation
2016-05-15 01:10:00,60.0,45.27,Test Evaluation
2016-05-15 01:20:00,50.0,43.6,Test Evaluation
2016-05-15 01:30:00,50.0,46.69,Test Evaluation
2016-05-15 01:40:00,60.0,46.52,Test Evaluation
2016-05-15 01:50:00,60.0,47.85,Test Evaluation
2016-05-15 02:00:00,50.0,49.8,Test Evaluation
2016-05-15 02:10:00,60.0,47.79,Test Evaluation
2016-05-15 02:20:00,50.0,49.63,Test Evaluation
2016-05-15 02:30:00,60.0,50.47,Test Evaluation
2016-05-15 02:40:00,50.0,50.29,Test Evaluation
2016-05-15 02:50:00,40.0,49.1,Test Evaluation
2016-05-15 03:00:00,60.0,49.04,Test Evaluation
2016-05-15 03:10:00,30.0,47.78,Test Evaluation
2016-05-15 03:20:00,40.0,46.05,Test Evaluation
2016-05-15 03:30:00,30.0,43.03,Test Evaluation
2016-05-15 03:40:00,40.0,39.83,Test Evaluation
2016-05-15 03:50:00,40.0,42.32,Test Evaluation
2016-05-15 04:00:00,50.0,38.94,Test Evaluation
2016-05-15 04:10:00,60.0,42.62,Test Evaluation
2016-05-15 04:20:00,50.0,46.31,Test Evaluation
2016-05-15 04:30:00,60.0,50.39,Test Evaluation
2016-05-15 04:40:00,40.0,52.22,Test Evaluation
2016-05-15 04:50:00,50.0,53.9,Test Evaluation
2016-05-15 05:00:00,60.0,52.72,Test Evaluation
2016-05-15 05:10:00,40.0,54.14,Test Evaluation
2016-05-15 05:20:00,60.0,53.57,Test Evaluation
2016-05-15 05:30:00,60.0,53.53,Test Evaluation
2016-05-15 05:40:00,60.0,59.26,Test Evaluation
2016-05-15 05:50:00,60.0,60.25,Test Evaluation
2016-05-15 06:00:00,50.0,61.06,Test Evaluation
2016-05-15 06:10:00,50.0,64.89,Test Evaluation
2016-05-15 06:20:00,60.0,59.61,Test Evaluation
2016-05-15 06:30:00,40.0,61.09,Test Evaluation
2016-05-15 06:40:00,60.0,58.17,Test Evaluation
2016-05-15 06:50:00,50.0,58.36,Test Evaluation
2016-05-15 07:00:00,90.0,61.23,Test Evaluation
2016-05-15 07:10:00,80.0,64.1,Test Evaluation
2016-05-15 07:20:00,50.0,67.08,Test Evaluation
2016-05-15 07:30:00,60.0,68.72,Test Evaluation
2016-05-15 07:40:00,60.0,73.18,Test Evaluation
2016-05-15 07:50:00,220.0,89.3,Test Evaluation
2016-05-15 08:00:00,190.0,112.87,Test Evaluation
2016-05-15 08:10:00,120.0,119.92,Test Evaluation
2016-05-15 08:20:00,70.0,148.56,Test Evaluation
2016-05-15 08:30:00,50.0,136.1,Test Evaluation
2016-05-15 08:40:00,150.0,148.08,Test Evaluation
2016-05-15 08:50:00,130.0,116.15,Test Evaluation
2016-05-15 09:00:00,120.0,110.53,Test Evaluation
2016-05-15 09:10:00,110.0,100.75,Test Evaluation
2016-05-15 09:20:00,80.0,103.18,Test Evaluation
2016-05-15 09:30:00,100.0,114.84,Test Evaluation
2016-05-15 09:40:00,100.0,100.88,Test Evaluation
2016-05-15 09:50:00,100.0,109.45,Test Evaluation
2016-05-15 10:00:00,70.0,136.78,Test Evaluation
2016-05-15 10:10:00,80.0,101.72,Test Evaluation
2016-05-15 10:20:00,80.0,109.22,Test Evaluation
2016-05-15 10:30:00,200.0,94.53,Test Evaluation
2016-05-15 10:40:00,110.0,123.23,Test Evaluation
2016-05-15 10:50:00,110.0,115.26,Test Evaluation
2016-05-15 11:00:00,100.0,123.62,Test Evaluation
2016-05-15 11:10:00,100.0,135.56,Test Evaluation
2016-05-15 11:20:00,110.0,129.83,Test Evaluation
2016-05-15 11:30:00,100.0,117.72,Test Evaluation
2016-05-15 11:40:00,110.0,111.92,Test Evaluation
2016-05-15 11:50:00,110.0,111.49,Test Evaluation
2016-05-15 12:00:00,90.0,127.07,Test Evaluation
2016-05-15 12:10:00,100.0,113.8,Test Evaluation
2016-05-15 12:20:00,90.0,112.2,Test Evaluation
2016-05-15 12:30:00,110.0,111.17,Test Evaluation
2016-05-15 12:40:00,100.0,110.05,Test Evaluation
2016-05-15 12:50:00,90.0,108.76,Test Evaluation
2016-05-15 13:00:00,110.0,111.63,Test Evaluation
2016-05-15 13:10:00,110.0,113.77,Test Evaluation
2016-05-15 13:20:00,100.0,117.6,Test Evaluation
2016-05-15 13:30:00,260.0,114.97,Test Evaluation
2016-05-15 13:40:00,160.0,138.22,Test Evaluation
2016-05-15 13:50:00,80.0,161.13,Test Evaluation
2016-05-15 14:00:00,80.0,148.35,Test Evaluation
2016-05-15 14:10:00,90.0,144.67,Test Evaluation
2016-05-15 14:20:00,90.0,141.17,Test Evaluation
2016-05-15 14:30:00,70.0,103.22,Test Evaluation
2016-05-15 14:40:00,100.0,96.33,Test Evaluation
2016-05-15 14:50:00,100.0,117.42,Test Evaluation
2016-05-15 15:00:00,100.0,107.41,Test Evaluation
2016-05-15 15:10:00,80.0,109.1,Test Evaluation
2016-05-15 15:20:00,90.0,106.32,Test Evaluation
2016-05-15 15:30:00,100.0,110.09,Test Evaluation
2016-05-15 15:40:00,90.0,128.09,Test Evaluation
2016-05-15 15:50:00,100.0,126.25,Test Evaluation
2016-05-15 16:00:00,100.0,125.41,Test Evaluation
2016-05-15 16:10:00,110.0,138.56,Test Evaluation
2016-05-15 16:20:00,130.0,130.56,Test Evaluation
2016-05-15 16:30:00,110.0,132.27,Test Evaluation
2016-05-15 16:40:00,110.0,136.13,Test Evaluation
2016-05-15 16:50:00,300.0,145.63,Test Evaluation
2016-05-15 17:00:00,360.0,165.11,Test Evaluation
2016-05-15 17:10:00,140.0,200.0,Test Evaluation
2016-05-15 17:20:00,100.0,199.25,Test Evaluation
2016-05-15 17:30:00,200.0,199.04,Test Evaluation
2016-05-15 17:40:00,330.0,243.38,Test Evaluation
2016-05-15 17:50:00,290.0,224.37,Test Evaluation
2016-05-15 18:00:00,120.0,178.87,Test Evaluation
2016-05-15 18:10:00,80.0,180.03,Test Evaluation
2016-05-15 18:20:00,80.0,169.34,Test Evaluation
2016-05-15 18:30:00,100.0,175.35,Test Evaluation
2016-05-15 18:40:00,110.0,121.8,Test Evaluation
2016-05-15 18:50:00,100.0,98.22,Test Evaluation
2016-05-15 19:00:00,110.0,108.09,Test Evaluation
2016-05-15 19:10:00,100.0,116.06,Test Evaluation
2016-05-15 19:20:00,100.0,118.35,Test Evaluation
2016-05-15 19:30:00,80.0,95.66,Test Evaluation
2016-05-15 19:40:00,100.0,90.52,Test Evaluation
2016-05-15 19:50:00,90.0,91.73,Test Evaluation
2016-05-15 20:00:00,100.0,88.89,Test Evaluation
2016-05-15 20:10:00,90.0,88.68,Test Evaluation
2016-05-15 20:20:00,170.0,86.07,Test Evaluation
2016-05-15 20:30:00,500.0,100.89,Test Evaluation
2016-05-15 20:40:00,330.0,158.36,Test Evaluation
2016-05-15 20:50:00,290.0,195.9,Test Evaluation
2016-05-15 21:00:00,260.0,225.03,Test Evaluation
2016-05-15 21:10:00,230.0,251.34,Test Evaluation
2016-05-15 21:20:00,240.0,254.61,Test Evaluation
2016-05-15 21:30:00,240.0,192.55,Test Evaluation
2016-05-15 21:40:00,150.0,201.87,Test Evaluation
2016-05-15 21:50:00,100.0,173.71,Test Evaluation
2016-05-15 22:00:00,90.0,153.47,Test Evaluation
2016-05-15 22:10:00,90.0,133.34,Test Evaluation
2016-05-15 22:20:00,90.0,108.46,Test Evaluation
2016-05-15 22:30:00,80.0,86.79,Test Evaluation
2016-05-15 22:40:00,100.0,81.78,Test Evaluation
2016-05-15 22:50:00,70.0,86.04,Test Evaluation
2016-05-15 23:00:00,80.0,82.53,Test Evaluation
2016-05-15 23:10:00,80.0,81.54,Test Evaluation
2016-05-15 23:20:00,80.0,80.29,Test Evaluation
2016-05-15 23:30:00,80.0,82.24,Test Evaluation
2016-05-15 23:40:00,90.0,78.84,Test Evaluation
2016-05-15 23:50:00,90.0,83.77,Test Evaluation
2016-05-16 00:00:00,80.0,80.11,Test Evaluation
2016-05-16 00:10:00,70.0,78.84,Test Evaluation
2016-05-16 00:20:00,50.0,78.17,Test Evaluation
2016-05-16 00:30:00,60.0,73.24,Test Evaluation
2016-05-16 00:40:00,60.0,69.95,Test Evaluation
2016-05-16 00:50:00,50.0,64.1,Test Evaluation
2016-05-16 01:00:00,50.0,61.28,Test Evaluation
2016-05-16 01:10:00,60.0,60.25,Test Evaluation
2016-05-16 01:20:00,50.0,60.79,Test Evaluation
2016-05-16 01:30:00,50.0,59.02,Test Evaluation
2016-05-16 01:40:00,50.0,58.4,Test Evaluation
2016-05-16 01:50:00,60.0,59.93,Test Evaluation
2016-05-16 02:00:00,50.0,60.49,Test Evaluation
2016-05-16 02:10:00,70.0,59.87,Test Evaluation
2016-05-16 02:20:00,50.0,63.2,Test Evaluation
2016-05-16 02:30:00,60.0,63.9,Test Evaluation
2016-05-16 02:40:00,60.0,64.26,Test Evaluation
2016-05-16 02:50:00,50.0,63.15,Test Evaluation
2016-05-16 03:00:00,70.0,65.62,Test Evaluation
2016-05-16 03:10:00,50.0,62.72,Test Evaluation
2016-05-16 03:20:00,50.0,64.33,Test Evaluation
2016-05-16 03:30:00,50.0,62.38,Test Evaluation
2016-05-16 03:40:00,50.0,61.43,Test Evaluation
2016-05-16 03:50:00,50.0,63.03,Test Evaluation
2016-05-16 04:00:00,50.0,58.78,Test Evaluation
2016-05-16 04:10:00,50.0,61.83,Test Evaluation
2016-05-16 04:20:00,60.0,61.12,Test Evaluation
2016-05-16 04:30:00,50.0,62.53,Test Evaluation
2016-05-16 04:40:00,60.0,62.07,Test Evaluation
2016-05-16 04:50:00,60.0,64.16,Test Evaluation
2016-05-16 05:00:00,50.0,69.25,Test Evaluation
2016-05-16 05:10:00,60.0,68.11,Test Evaluation
2016-05-16 05:20:00,50.0,67.45,Test Evaluation
2016-05-16 05:30:00,50.0,68.79,Test Evaluation
2016-05-16 05:40:00,50.0,66.98,Test Evaluation
2016-05-16 05:50:00,50.0,64.11,Test Evaluation
2016-05-16 06:00:00,50.0,65.33,Test Evaluation
2016-05-16 06:10:00,50.0,61.73,Test Evaluation
2016-05-16 06:20:00,50.0,65.51,Test Evaluation
2016-05-16 06:30:00,60.0,63.24,Test Evaluation
2016-05-16 06:40:00,50.0,66.61,Test Evaluation
2016-05-16 06:50:00,60.0,66.11,Test Evaluation
2016-05-16 07:00:00,60.0,70.98,Test Evaluation
2016-05-16 07:10:00,60.0,71.91,Test Evaluation
2016-05-16 07:20:00,50.0,73.2,Test Evaluation
2016-05-16 07:30:00,50.0,71.85,Test Evaluation
2016-05-16 07:40:00,90.0,73.22,Test Evaluation
2016-05-16 07:50:00,60.0,83.77,Test Evaluation
2016-05-16 08:00:00,40.0,81.0,Test Evaluation
2016-05-16 08:10:00,50.0,75.81,Test Evaluation
2016-05-16 08:20:00,60.0,72.36,Test Evaluation
2016-05-16 08:30:00,50.0,75.53,Test Evaluation
2016-05-16 08:40:00,160.0,70.66,Test Evaluation
2016-05-16 08:50:00,170.0,87.61,Test Evaluation
2016-05-16 09:00:00,80.0,108.2,Test Evaluation
2016-05-16 09:10:00,60.0,114.4,Test Evaluation
2016-05-16 09:20:00,50.0,114.27,Test Evaluation
2016-05-16 09:30:00,50.0,115.8,Test Evaluation
2016-05-16 09:40:00,80.0,101.91,Test Evaluation
2016-05-16 09:50:00,100.0,98.25,Test Evaluation
2016-05-16 10:00:00,320.0,117.18,Test Evaluation
2016-05-16 10:10:00,160.0,146.58,Test Evaluation
2016-05-16 10:20:00,100.0,160.95,Test Evaluation
2016-05-16 10:30:00,100.0,177.2,Test Evaluation
2016-05-16 10:40:00,110.0,173.45,Test Evaluation
2016-05-16 10:50:00,100.0,175.02,Test Evaluation
2016-05-16 11:00:00,100.0,136.84,Test Evaluation
2016-05-16 11:10:00,100.0,130.13,Test Evaluation
2016-05-16 11:20:00,90.0,116.9,Test Evaluation
2016-05-16 11:30:00,110.0,116.32,Test Evaluation
2016-05-16 11:40:00,110.0,117.58,Test Evaluation
2016-05-16 11:50:00,110.0,119.95,Test Evaluation
2016-05-16 12:00:00,290.0,119.24,Test Evaluation
2016-05-16 12:10:00,450.0,147.55,Test Evaluation
2016-05-16 12:20:00,160.0,212.51,Test Evaluation
2016-05-16 12:30:00,100.0,217.21,Test Evaluation
2016-05-16 12:40:00,120.0,213.75,Test Evaluation
2016-05-16 12:50:00,120.0,208.89,Test Evaluation
2016-05-16 13:00:00,120.0,183.57,Test Evaluation
2016-05-16 13:10:00,330.0,109.99,Test Evaluation
2016-05-16 13:20:00,350.0,176.12,Test Evaluation
2016-05-16 13:30:00,360.0,226.99,Test Evaluation
2016-05-16 13:40:00,340.0,224.23,Test Evaluation
2016-05-16 13:50:00,100.0,235.11,Test Evaluation
2016-05-16 14:00:00,80.0,239.8,Test Evaluation
2016-05-16 14:10:00,90.0,219.39,Test Evaluation
2016-05-16 14:20:00,80.0,162.77,Test Evaluation
2016-05-16 14:30:00,80.0,122.32,Test Evaluation
2016-05-16 14:40:00,100.0,94.7,Test Evaluation
2016-05-16 14:50:00,100.0,112.0,Test Evaluation
2016-05-16 15:00:00,100.0,117.3,Test Evaluation
2016-05-16 15:10:00,80.0,118.31,Test Evaluation
2016-05-16 15:20:00,210.0,115.04,Test Evaluation
2016-05-16 15:30:00,90.0,144.09,Test Evaluation
2016-05-16 15:40:00,100.0,127.21,Test Evaluation
2016-05-16 15:50:00,90.0,133.14,Test Evaluation
2016-05-16 16:00:00,90.0,134.65,Test Evaluation
2016-05-16 16:10:00,90.0,141.09,Test Evaluation
2016-05-16 16:20:00,90.0,116.4,Test Evaluation
2016-05-16 16:30:00,90.0,125.28,Test Evaluation
2016-05-16 16:40:00,80.0,126.47,Test Evaluation
2016-05-16 16:50:00,90.0,134.44,Test Evaluation
2016-05-16 17:00:00,90.0,138.2,Test Evaluation
2016-05-16 17:10:00,120.0,126.37,Test Evaluation
2016-05-16 17:20:00,110.0,131.95,Test Evaluation
2016-05-16 17:30:00,110.0,153.69,Test Evaluation
2016-05-16 17:40:00,630.0,173.35,Test Evaluation
2016-05-16 17:50:00,400.0,228.22,Test Evaluation
2016-05-16 18:00:00,350.0,236.99,Test Evaluation
2016-05-16 18:10:00,120.0,267.45,Test Evaluation
2016-05-16 18:20:00,100.0,272.69,Test Evaluation
2016-05-16 18:30:00,110.0,274.16,Test Evaluation
2016-05-16 18:40:00,100.0,158.21,Test Evaluation
2016-05-16 18:50:00,150.0,123.71,Test Evaluation
2016-05-16 19:00:00,100.0,102.96,Test Evaluation
2016-05-16 19:10:00,120.0,116.27,Test Evaluation
2016-05-16 19:20:00,120.0,121.21,Test Evaluation
2016-05-16 19:30:00,110.0,119.0,Test Evaluation
2016-05-16 19:40:00,120.0,121.02,Test Evaluation
2016-05-16 19:50:00,120.0,133.63,Test Evaluation
2016-05-16 20:00:00,110.0,127.86,Test Evaluation
2016-05-16 20:10:00,100.0,133.18,Test Evaluation
2016-05-16 20:20:00,130.0,112.45,Test Evaluation
2016-05-16 20:30:00,80.0,135.02,Test Evaluation
2016-05-16 20:40:00,80.0,115.91,Test Evaluation
2016-05-16 20:50:00,80.0,107.85,Test Evaluation
2016-05-16 21:00:00,80.0,102.42,Test Evaluation
2016-05-16 21:10:00,80.0,98.3,Test Evaluation
2016-05-16 21:20:00,70.0,99.24,Test Evaluation
2016-05-16 21:30:00,60.0,90.02,Test Evaluation
2016-05-16 21:40:00,60.0,81.6,Test Evaluation
2016-05-16 21:50:00,60.0,86.63,Test Evaluation
2016-05-16 22:00:00,50.0,72.69,Test Evaluation
2016-05-16 22:10:00,50.0,69.32,Test Evaluation
2016-05-16 22:20:00,40.0,66.7,Test Evaluation
2016-05-16 22:30:00,60.0,63.36,Test Evaluation
2016-05-16 22:40:00,40.0,64.84,Test Evaluation
2016-05-16 22:50:00,40.0,69.16,Test Evaluation
2016-05-16 23:00:00,50.0,58.48,Test Evaluation
2016-05-16 23:10:00,60.0,68.56,Test Evaluation
2016-05-16 23:20:00,70.0,62.26,Test Evaluation
2016-05-16 23:30:00,60.0,73.45,Test Evaluation
2016-05-16 23:40:00,70.0,67.44,Test Evaluation
2016-05-16 23:50:00,50.0,73.18,Test Evaluation
2016-05-17 00:00:00,40.0,58.52,Test Evaluation
2016-05-17 00:10:00,50.0,54.65,Test Evaluation
2016-05-17 00:20:00,50.0,50.94,Test Evaluation
2016-05-17 00:30:00,50.0,52.01,Test Evaluation
2016-05-17 00:40:00,50.0,49.29,Test Evaluation
2016-05-17 00:50:00,60.0,50.69,Test Evaluation
2016-05-17 01:00:00,50.0,56.12,Test Evaluation
2016-05-17 01:10:00,60.0,55.74,Test Evaluation
2016-05-17 01:20:00,50.0,56.93,Test Evaluation
2016-05-17 01:30:00,60.0,58.0,Test Evaluation
2016-05-17 01:40:00,50.0,58.99,Test Evaluation
2016-05-17 01:50:00,60.0,58.42,Test Evaluation
2016-05-17 02:00:00,50.0,60.14,Test Evaluation
2016-05-17 02:10:00,40.0,59.86,Test Evaluation
2016-05-17 02:20:00,60.0,59.4,Test Evaluation
2016-05-17 02:30:00,40.0,58.09,Test Evaluation
2016-05-17 02:40:00,70.0,57.33,Test Evaluation
2016-05-17 02:50:00,50.0,56.76,Test Evaluation
2016-05-17 03:00:00,60.0,60.62,Test Evaluation
2016-05-17 03:10:00,60.0,61.56,Test Evaluation
2016-05-17 03:20:00,50.0,59.84,Test Evaluation
2016-05-17 03:30:00,60.0,61.73,Test Evaluation
2016-05-17 03:40:00,40.0,58.11,Test Evaluation
2016-05-17 03:50:00,50.0,56.62,Test Evaluation
2016-05-17 04:00:00,50.0,53.99,Test Evaluation
2016-05-17 04:10:00,50.0,52.78,Test Evaluation
2016-05-17 04:20:00,50.0,54.66,Test Evaluation
2016-05-17 04:30:00,60.0,51.2,Test Evaluation
2016-05-17 04:40:00,50.0,56.58,Test Evaluation
2016-05-17 04:50:00,60.0,55.1,Test Evaluation
2016-05-17 05:00:00,70.0,59.71,Test Evaluation
2016-05-17 05:10:00,80.0,60.02,Test Evaluation
2016-05-17 05:20:00,50.0,64.37,Test Evaluation
2016-05-17 05:30:00,50.0,61.51,Test Evaluation
2016-05-17 05:40:00,50.0,64.19,Test Evaluation
2016-05-17 05:50:00,50.0,61.13,Test Evaluation
2016-05-17 06:00:00,60.0,60.27,Test Evaluation
2016-05-17 06:10:00,40.0,56.65,Test Evaluation
2016-05-17 06:20:00,50.0,57.33,Test Evaluation
2016-05-17 06:30:00,40.0,57.47,Test Evaluation
2016-05-17 06:40:00,80.0,55.24,Test Evaluation
2016-05-17 06:50:00,70.0,60.01,Test Evaluation
2016-05-17 07:00:00,60.0,60.5,Test Evaluation
2016-05-17 07:10:00,70.0,66.84,Test Evaluation
2016-05-17 07:20:00,110.0,69.01,Test Evaluation
2016-05-17 07:30:00,50.0,81.5,Test Evaluation
2016-05-17 07:40:00,50.0,76.53,Test Evaluation
2016-05-17 07:50:00,50.0,74.18,Test Evaluation
2016-05-17 08:00:00,50.0,73.38,Test Evaluation
2016-05-17 08:10:00,70.0,71.64,Test Evaluation
2016-05-17 08:20:00,50.0,62.24,Test Evaluation
2016-05-17 08:30:00,60.0,69.41,Test Evaluation
2016-05-17 08:40:00,60.0,80.29,Test Evaluation
2016-05-17 08:50:00,50.0,83.2,Test Evaluation
2016-05-17 09:00:00,50.0,80.05,Test Evaluation
2016-05-17 09:10:00,50.0,75.07,Test Evaluation
2016-05-17 09:20:00,50.0,75.87,Test Evaluation
2016-05-17 09:30:00,50.0,71.59,Test Evaluation
2016-05-17 09:40:00,50.0,72.73,Test Evaluation
2016-05-17 09:50:00,60.0,76.98,Test Evaluation
2016-05-17 10:00:00,50.0,92.32,Test Evaluation
2016-05-17 10:10:00,50.0,84.04,Test Evaluation
2016-05-17 10:20:00,60.0,80.5,Test Evaluation
2016-05-17 10:30:00,50.0,82.94,Test Evaluation
2016-05-17 10:40:00,60.0,82.63,Test Evaluation
2016-05-17 10:50:00,50.0,81.65,Test Evaluation
2016-05-17 11:00:00,60.0,83.15,Test Evaluation
2016-05-17 11:10:00,40.0,84.2,Test Evaluation
2016-05-17 11:20:00,60.0,79.34,Test Evaluation
2016-05-17 11:30:00,40.0,82.07,Test Evaluation
2016-05-17 11:40:00,60.0,75.81,Test Evaluation
2016-05-17 11:50:00,50.0,75.75,Test Evaluation
2016-05-17 12:00:00,60.0,83.35,Test Evaluation
2016-05-17 12:10:00,50.0,95.91,Test Evaluation
2016-05-17 12:20:00,50.0,76.1,Test Evaluation
2016-05-17 12:30:00,60.0,76.26,Test Evaluation
2016-05-17 12:40:00,50.0,76.65,Test Evaluation
2016-05-17 12:50:00,50.0,77.78,Test Evaluation
2016-05-17 13:00:00,40.0,75.52,Test Evaluation
2016-05-17 13:10:00,50.0,87.62,Test Evaluation
2016-05-17 13:20:00,50.0,88.57,Test Evaluation
2016-05-17 13:30:00,40.0,87.58,Test Evaluation
2016-05-17 13:40:00,30.0,84.72,Test Evaluation
2016-05-17 13:50:00,40.0,68.44,Test Evaluation
2016-05-17 14:00:00,40.0,68.18,Test Evaluation
2016-05-17 14:10:00,60.0,65.71,Test Evaluation
2016-05-17 14:20:00,60.0,67.29,Test Evaluation
2016-05-17 14:30:00,50.0,71.35,Test Evaluation
2016-05-17 14:40:00,60.0,76.53,Test Evaluation
2016-05-17 14:50:00,50.0,78.12,Test Evaluation
2016-05-17 15:00:00,50.0,78.92,Test Evaluation
2016-05-17 15:10:00,40.0,75.26,Test Evaluation
2016-05-17 15:20:00,50.0,80.75,Test Evaluation
2016-05-17 15:30:00,60.0,74.59,Test Evaluation
2016-05-17 15:40:00,60.0,74.64,Test Evaluation
2016-05-17 15:50:00,50.0,74.54,Test Evaluation
2016-05-17 16:00:00,60.0,74.48,Test Evaluation
2016-05-17 16:10:00,60.0,76.0,Test Evaluation
2016-05-17 16:20:00,50.0,76.01,Test Evaluation
2016-05-17 16:30:00,80.0,75.35,Test Evaluation
2016-05-17 16:40:00,70.0,79.18,Test Evaluation
2016-05-17 16:50:00,80.0,82.52,Test Evaluation
2016-05-17 17:00:00,80.0,85.71,Test Evaluation
2016-05-17 17:10:00,80.0,89.56,Test Evaluation
2016-05-17 17:20:00,90.0,95.77,Test Evaluation
2016-05-17 17:30:00,100.0,95.86,Test Evaluation
2016-05-17 17:40:00,190.0,128.96,Test Evaluation
2016-05-17 17:50:00,380.0,148.0,Test Evaluation
2016-05-17 18:00:00,100.0,165.17,Test Evaluation
2016-05-17 18:10:00,90.0,149.66,Test Evaluation
2016-05-17 18:20:00,110.0,147.72,Test Evaluation
2016-05-17 18:30:00,90.0,152.31,Test Evaluation
2016-05-17 18:40:00,110.0,131.73,Test Evaluation
2016-05-17 18:50:00,100.0,81.01,Test Evaluation
2016-05-17 19:00:00,90.0,99.02,Test Evaluation
2016-05-17 19:10:00,140.0,101.74,Test Evaluation
2016-05-17 19:20:00,140.0,108.04,Test Evaluation
2016-05-17 19:30:00,130.0,131.43,Test Evaluation
2016-05-17 19:40:00,120.0,119.59,Test Evaluation
2016-05-17 19:50:00,120.0,123.85,Test Evaluation
2016-05-17 20:00:00,130.0,126.73,Test Evaluation
2016-05-17 20:10:00,140.0,117.34,Test Evaluation
2016-05-17 20:20:00,110.0,125.12,Test Evaluation
2016-05-17 20:30:00,110.0,106.45,Test Evaluation
2016-05-17 20:40:00,110.0,104.61,Test Evaluation
2016-05-17 20:50:00,110.0,101.51,Test Evaluation
2016-05-17 21:00:00,90.0,97.84,Test Evaluation
2016-05-17 21:10:00,60.0,97.11,Test Evaluation
2016-05-17 21:20:00,80.0,79.74,Test Evaluation
2016-05-17 21:30:00,50.0,76.07,Test Evaluation
2016-05-17 21:40:00,60.0,67.47,Test Evaluation
2016-05-17 21:50:00,50.0,61.23,Test Evaluation
2016-05-17 22:00:00,60.0,68.35,Test Evaluation
2016-05-17 22:10:00,80.0,61.55,Test Evaluation
2016-05-17 22:20:00,50.0,59.65,Test Evaluation
2016-05-17 22:30:00,40.0,63.96,Test Evaluation
2016-05-17 22:40:00,20.0,59.59,Test Evaluation
2016-05-17 22:50:00,30.0,66.28,Test Evaluation
2016-05-17 23:00:00,30.0,51.77,Test Evaluation
2016-05-17 23:10:00,60.0,43.25,Test Evaluation
2016-05-17 23:20:00,60.0,49.46,Test Evaluation
2016-05-17 23:30:00,60.0,52.72,Test Evaluation
2016-05-17 23:40:00,60.0,61.79,Test Evaluation
2016-05-17 23:50:00,60.0,63.66,Test Evaluation
2016-05-18 00:00:00,50.0,57.37,Test Evaluation
2016-05-18 00:10:00,60.0,52.13,Test Evaluation
2016-05-18 00:20:00,50.0,62.3,Test Evaluation
2016-05-18 00:30:00,50.0,49.03,Test Evaluation
2016-05-18 00:40:00,50.0,48.05,Test Evaluation
2016-05-18 00:50:00,50.0,45.85,Test Evaluation
2016-05-18 01:00:00,50.0,47.59,Test Evaluation
2016-05-18 01:10:00,40.0,45.0,Test Evaluation
2016-05-18 01:20:00,60.0,44.3,Test Evaluation
2016-05-18 01:30:00,50.0,48.06,Test Evaluation
2016-05-18 01:40:00,60.0,48.53,Test Evaluation
2016-05-18 01:50:00,60.0,60.95,Test Evaluation
2016-05-18 02:00:00,60.0,53.38,Test Evaluation
2016-05-18 02:10:00,50.0,56.06,Test Evaluation
2016-05-18 02:20:00,60.0,55.52,Test Evaluation
2016-05-18 02:30:00,50.0,57.55,Test Evaluation
2016-05-18 02:40:00,50.0,57.39,Test Evaluation
2016-05-18 02:50:00,60.0,53.85,Test Evaluation
2016-05-18 03:00:00,40.0,56.51,Test Evaluation
2016-05-18 03:10:00,60.0,55.6,Test Evaluation
2016-05-18 03:20:00,40.0,64.89,Test Evaluation
2016-05-18 03:30:00,60.0,54.27,Test Evaluation
2016-05-18 03:40:00,60.0,54.05,Test Evaluation
2016-05-18 03:50:00,50.0,54.53,Test Evaluation
2016-05-18 04:00:00,60.0,58.29,Test Evaluation
2016-05-18 04:10:00,50.0,57.06,Test Evaluation
2016-05-18 04:20:00,60.0,60.04,Test Evaluation
2016-05-18 04:30:00,50.0,59.44,Test Evaluation
2016-05-18 04:40:00,50.0,57.46,Test Evaluation
2016-05-18 04:50:00,40.0,59.22,Test Evaluation
2016-05-18 05:00:00,80.0,56.28,Test Evaluation
2016-05-18 05:10:00,70.0,60.95,Test Evaluation
2016-05-18 05:20:00,60.0,58.56,Test Evaluation
2016-05-18 05:30:00,50.0,63.9,Test Evaluation
2016-05-18 05:40:00,70.0,71.86,Test Evaluation
2016-05-18 05:50:00,60.0,66.92,Test Evaluation
2016-05-18 06:00:00,60.0,78.03,Test Evaluation
2016-05-18 06:10:00,130.0,60.86,Test Evaluation
2016-05-18 06:20:00,60.0,71.31,Test Evaluation
2016-05-18 06:30:00,70.0,73.66,Test Evaluation
2016-05-18 06:40:00,50.0,73.92,Test Evaluation
2016-05-18 06:50:00,50.0,74.05,Test Evaluation
2016-05-18 07:00:00,50.0,72.62,Test Evaluation
2016-05-18 07:10:00,50.0,57.11,Test Evaluation
2016-05-18 07:20:00,50.0,63.76,Test Evaluation
2016-05-18 07:30:00,50.0,58.51,Test Evaluation
2016-05-18 07:40:00,60.0,59.29,Test Evaluation
2016-05-18 07:50:00,60.0,71.91,Test Evaluation
2016-05-18 08:00:00,50.0,83.45,Test Evaluation
2016-05-18 08:10:00,70.0,77.37,Test Evaluation
2016-05-18 08:20:00,70.0,67.05,Test Evaluation
2016-05-18 08:30:00,80.0,72.62,Test Evaluation
2016-05-18 08:40:00,50.0,77.2,Test Evaluation
2016-05-18 08:50:00,50.0,75.0,Test Evaluation
2016-05-18 09:00:00,50.0,74.67,Test Evaluation
2016-05-18 09:10:00,40.0,71.27,Test Evaluation
2016-05-18 09:20:00,90.0,69.12,Test Evaluation
2016-05-18 09:30:00,60.0,66.99,Test Evaluation
2016-05-18 09:40:00,80.0,70.66,Test Evaluation
2016-05-18 09:50:00,70.0,74.55,Test Evaluation
2016-05-18 10:00:00,60.0,74.83,Test Evaluation
2016-05-18 10:10:00,40.0,75.77,Test Evaluation
2016-05-18 10:20:00,60.0,64.61,Test Evaluation
2016-05-18 10:30:00,50.0,67.6,Test Evaluation
2016-05-18 10:40:00,50.0,62.46,Test Evaluation
2016-05-18 10:50:00,90.0,60.9,Test Evaluation
2016-05-18 11:00:00,100.0,69.04,Test Evaluation
2016-05-18 11:10:00,80.0,78.64,Test Evaluation
2016-05-18 11:20:00,60.0,81.08,Test Evaluation
2016-05-18 11:30:00,70.0,83.42,Test Evaluation
2016-05-18 11:40:00,50.0,89.21,Test Evaluation
2016-05-18 11:50:00,60.0,78.75,Test Evaluation
2016-05-18 12:00:00,50.0,72.51,Test Evaluation
2016-05-18 12:10:00,50.0,69.4,Test Evaluation
2016-05-18 12:20:00,50.0,72.21,Test Evaluation
2016-05-18 12:30:00,40.0,68.66,Test Evaluation
2016-05-18 12:40:00,80.0,70.1,Test Evaluation
2016-05-18 12:50:00,70.0,73.12,Test Evaluation
2016-05-18 13:00:00,90.0,79.25,Test Evaluation
2016-05-18 13:10:00,80.0,85.47,Test Evaluation
2016-05-18 13:20:00,90.0,89.71,Test Evaluation
2016-05-18 13:30:00,80.0,95.79,Test Evaluation
2016-05-18 13:40:00,90.0,94.68,Test Evaluation
2016-05-18 13:50:00,90.0,97.15,Test Evaluation
2016-05-18 14:00:00,90.0,97.77,Test Evaluation
2016-05-18 14:10:00,80.0,100.65,Test Evaluation
2016-05-18 14:20:00,80.0,99.29,Test Evaluation
2016-05-18 14:30:00,80.0,98.41,Test Evaluation
2016-05-18 14:40:00,80.0,97.52,Test Evaluation
2016-05-18 14:50:00,80.0,94.01,Test Evaluation
2016-05-18 15:00:00,90.0,92.68,Test Evaluation
2016-05-18 15:10:00,90.0,94.51,Test Evaluation
2016-05-18 15:20:00,90.0,97.12,Test Evaluation
2016-05-18 15:30:00,80.0,98.23,Test Evaluation
2016-05-18 15:40:00,80.0,98.27,Test Evaluation
2016-05-18 15:50:00,70.0,95.58,Test Evaluation
2016-05-18 16:00:00,70.0,92.91,Test Evaluation
2016-05-18 16:10:00,50.0,88.67,Test Evaluation
2016-05-18 16:20:00,70.0,82.63,Test Evaluation
2016-05-18 16:30:00,140.0,82.44,Test Evaluation
2016-05-18 16:40:00,240.0,87.76,Test Evaluation
2016-05-18 16:50:00,60.0,100.66,Test Evaluation
2016-05-18 17:00:00,70.0,97.41,Test Evaluation
2016-05-18 17:10:00,90.0,104.33,Test Evaluation
2016-05-18 17:20:00,100.0,107.24,Test Evaluation
2016-05-18 17:30:00,110.0,98.68,Test Evaluation
2016-05-18 17:40:00,100.0,79.15,Test Evaluation
2016-05-18 17:50:00,240.0,108.53,Test Evaluation
2016-05-18 18:00:00,130.0,119.3,Test Evaluation
2016-05-18 18:10:00,150.0,132.96,Test Evaluation
2016-05-18 18:20:00,120.0,139.75,Test Evaluation
2016-05-18 18:30:00,210.0,159.69,Test Evaluation
2016-05-18 18:40:00,330.0,167.22,Test Evaluation
2016-05-18 18:50:00,130.0,181.51,Test Evaluation
2016-05-18 19:00:00,130.0,188.65,Test Evaluation
2016-05-18 19:10:00,150.0,177.67,Test Evaluation
2016-05-18 19:20:00,140.0,182.16,Test Evaluation
2016-05-18 19:30:00,160.0,174.78,Test Evaluation
2016-05-18 19:40:00,140.0,126.58,Test Evaluation
2016-05-18 19:50:00,140.0,142.35,Test Evaluation
2016-05-18 20:00:00,160.0,143.63,Test Evaluation
2016-05-18 20:10:00,140.0,121.98,Test Evaluation
2016-05-18 20:20:00,130.0,120.23,Test Evaluation
2016-05-18 20:30:00,290.0,111.38,Test Evaluation
2016-05-18 20:40:00,460.0,134.17,Test Evaluation
2016-05-18 20:50:00,160.0,182.2,Test Evaluation
2016-05-18 21:00:00,100.0,189.85,Test Evaluation
2016-05-18 21:10:00,110.0,174.18,Test Evaluation
2016-05-18 21:20:00,90.0,172.7,Test Evaluation
2016-05-18 21:30:00,70.0,131.79,Test Evaluation
2016-05-18 21:40:00,60.0,62.19,Test Evaluation
2016-05-18 21:50:00,60.0,68.47,Test Evaluation
2016-05-18 22:00:00,50.0,68.0,Test Evaluation
2016-05-18 22:10:00,60.0,60.77,Test Evaluation
2016-05-18 22:20:00,50.0,56.12,Test Evaluation
2016-05-18 22:30:00,60.0,55.69,Test Evaluation
2016-05-18 22:40:00,40.0,56.47,Test Evaluation
2016-05-18 22:50:00,50.0,52.71,Test Evaluation
2016-05-18 23:00:00,50.0,53.68,Test Evaluation
2016-05-18 23:10:00,50.0,53.71,Test Evaluation
2016-05-18 23:20:00,60.0,53.18,Test Evaluation
2016-05-18 23:30:00,50.0,53.09,Test Evaluation
2016-05-18 23:40:00,70.0,55.58,Test Evaluation
2016-05-18 23:50:00,60.0,58.56,Test Evaluation
2016-05-19 00:00:00,60.0,48.12,Test Evaluation
2016-05-19 00:10:00,50.0,50.75,Test Evaluation
2016-05-19 00:20:00,60.0,48.41,Test Evaluation
2016-05-19 00:30:00,40.0,50.52,Test Evaluation
2016-05-19 00:40:00,50.0,44.8,Test Evaluation
2016-05-19 00:50:00,50.0,44.23,Test Evaluation
2016-05-19 01:00:00,40.0,43.67,Test Evaluation
2016-05-19 01:10:00,50.0,41.84,Test Evaluation
2016-05-19 01:20:00,50.0,42.7,Test Evaluation
2016-05-19 01:30:00,60.0,45.84,Test Evaluation
2016-05-19 01:40:00,50.0,49.19,Test Evaluation
2016-05-19 01:50:00,60.0,49.17,Test Evaluation
2016-05-19 02:00:00,50.0,54.16,Test Evaluation
2016-05-19 02:10:00,50.0,52.52,Test Evaluation
2016-05-19 02:20:00,50.0,54.73,Test Evaluation
2016-05-19 02:30:00,50.0,50.82,Test Evaluation
2016-05-19 02:40:00,60.0,52.1,Test Evaluation
2016-05-19 02:50:00,40.0,50.97,Test Evaluation
2016-05-19 03:00:00,50.0,49.68,Test Evaluation
2016-05-19 03:10:00,40.0,50.52,Test Evaluation
2016-05-19 03:20:00,60.0,48.32,Test Evaluation
2016-05-19 03:30:00,40.0,50.92,Test Evaluation
2016-05-19 03:40:00,60.0,46.91,Test Evaluation
2016-05-19 03:50:00,60.0,51.61,Test Evaluation
2016-05-19 04:00:00,60.0,54.43,Test Evaluation
2016-05-19 04:10:00,60.0,57.12,Test Evaluation
2016-05-19 04:20:00,50.0,56.86,Test Evaluation
2016-05-19 04:30:00,60.0,57.5,Test Evaluation
2016-05-19 04:40:00,50.0,56.0,Test Evaluation
2016-05-19 04:50:00,60.0,54.11,Test Evaluation
2016-05-19 05:00:00,50.0,56.63,Test Evaluation
2016-05-19 05:10:00,80.0,52.78,Test Evaluation
2016-05-19 05:20:00,40.0,56.59,Test Evaluation
2016-05-19 05:30:00,50.0,54.13,Test Evaluation
2016-05-19 05:40:00,50.0,53.72,Test Evaluation
2016-05-19 05:50:00,60.0,52.69,Test Evaluation
2016-05-19 06:00:00,60.0,55.13,Test Evaluation
2016-05-19 06:10:00,60.0,53.34,Test Evaluation
2016-05-19 06:20:00,70.0,56.52,Test Evaluation
2016-05-19 06:30:00,60.0,59.03,Test Evaluation
2016-05-19 06:40:00,50.0,61.17,Test Evaluation
2016-05-19 06:50:00,50.0,61.22,Test Evaluation
2016-05-19 07:00:00,50.0,60.17,Test Evaluation
2016-05-19 07:10:00,40.0,59.75,Test Evaluation
2016-05-19 07:20:00,60.0,54.63,Test Evaluation
2016-05-19 07:30:00,40.0,58.87,Test Evaluation
2016-05-19 07:40:00,60.0,60.76,Test Evaluation
2016-05-19 07:50:00,50.0,67.55,Test Evaluation
2016-05-19 08:00:00,60.0,67.52,Test Evaluation
2016-05-19 08:10:00,50.0,72.42,Test Evaluation
2016-05-19 08:20:00,60.0,68.41,Test Evaluation
2016-05-19 08:30:00,50.0,74.37,Test Evaluation
2016-05-19 08:40:00,50.0,70.32,Test Evaluation
2016-05-19 08:50:00,50.0,72.49,Test Evaluation
2016-05-19 09:00:00,50.0,69.45,Test Evaluation
2016-05-19 09:10:00,40.0,69.17,Test Evaluation
2016-05-19 09:20:00,20.0,67.64,Test Evaluation
2016-05-19 09:30:00,40.0,64.06,Test Evaluation
2016-05-19 09:40:00,30.0,65.55,Test Evaluation
2016-05-19 09:50:00,40.0,63.17,Test Evaluation
2016-05-19 10:00:00,60.0,61.56,Test Evaluation
2016-05-19 10:10:00,50.0,65.93,Test Evaluation
2016-05-19 10:20:00,60.0,74.12,Test Evaluation
2016-05-19 10:30:00,50.0,75.4,Test Evaluation
2016-05-19 10:40:00,50.0,78.17,Test Evaluation
2016-05-19 10:50:00,60.0,78.8,Test Evaluation
2016-05-19 11:00:00,40.0,74.83,Test Evaluation
2016-05-19 11:10:00,50.0,72.73,Test Evaluation
2016-05-19 11:20:00,50.0,70.37,Test Evaluation
2016-05-19 11:30:00,50.0,71.75,Test Evaluation
2016-05-19 11:40:00,60.0,70.07,Test Evaluation
2016-05-19 11:50:00,60.0,70.71,Test Evaluation
2016-05-19 12:00:00,60.0,76.99,Test Evaluation
2016-05-19 12:10:00,50.0,79.99,Test Evaluation
2016-05-19 12:20:00,70.0,78.66,Test Evaluation
2016-05-19 12:30:00,50.0,78.75,Test Evaluation
2016-05-19 12:40:00,60.0,76.04,Test Evaluation
2016-05-19 12:50:00,40.0,74.6,Test Evaluation
2016-05-19 13:00:00,50.0,73.1,Test Evaluation
2016-05-19 13:10:00,40.0,72.73,Test Evaluation
2016-05-19 13:20:00,50.0,67.03,Test Evaluation
2016-05-19 13:30:00,50.0,68.43,Test Evaluation
2016-05-19 13:40:00,50.0,66.3,Test Evaluation
2016-05-19 13:50:00,60.0,69.82,Test Evaluation
2016-05-19 14:00:00,50.0,72.61,Test Evaluation
2016-05-19 14:10:00,60.0,75.7,Test Evaluation
2016-05-19 14:20:00,50.0,76.3,Test Evaluation
2016-05-19 14:30:00,60.0,76.05,Test Evaluation
2016-05-19 14:40:00,80.0,77.81,Test Evaluation
2016-05-19 14:50:00,80.0,77.21,Test Evaluation
2016-05-19 15:00:00,80.0,84.15,Test Evaluation
2016-05-19 15:10:00,80.0,86.39,Test Evaluation
2016-05-19 15:20:00,80.0,92.83,Test Evaluation
2016-05-19 15:30:00,80.0,92.12,Test Evaluation
2016-05-19 15:40:00,90.0,92.83,Test Evaluation
2016-05-19 15:50:00,80.0,94.26,Test Evaluation
2016-05-19 16:00:00,100.0,96.39,Test Evaluation
2016-05-19 16:10:00,90.0,98.06,Test Evaluation
2016-05-19 16:20:00,90.0,102.29,Test Evaluation
2016-05-19 16:30:00,80.0,113.9,Test Evaluation
2016-05-19 16:40:00,100.0,112.33,Test Evaluation
2016-05-19 16:50:00,80.0,118.34,Test Evaluation
2016-05-19 17:00:00,70.0,103.77,Test Evaluation
2016-05-19 17:10:00,90.0,102.61,Test Evaluation
2016-05-19 17:20:00,70.0,105.73,Test Evaluation
2016-05-19 17:30:00,100.0,106.22,Test Evaluation
2016-05-19 17:40:00,400.0,125.55,Test Evaluation
2016-05-19 17:50:00,520.0,172.07,Test Evaluation
2016-05-19 18:00:00,160.0,208.3,Test Evaluation
2016-05-19 18:10:00,100.0,212.42,Test Evaluation
2016-05-19 18:20:00,210.0,220.84,Test Evaluation
2016-05-19 18:30:00,110.0,241.21,Test Evaluation
2016-05-19 18:40:00,70.0,185.61,Test Evaluation
2016-05-19 18:50:00,70.0,101.3,Test Evaluation
2016-05-19 19:00:00,70.0,115.34,Test Evaluation
2016-05-19 19:10:00,100.0,115.53,Test Evaluation
2016-05-19 19:20:00,110.0,89.86,Test Evaluation
2016-05-19 19:30:00,100.0,98.56,Test Evaluation
2016-05-19 19:40:00,110.0,104.61,Test Evaluation
2016-05-19 19:50:00,100.0,108.67,Test Evaluation
2016-05-19 20:00:00,170.0,113.17,Test Evaluation
2016-05-19 20:10:00,110.0,127.94,Test Evaluation
2016-05-19 20:20:00,130.0,112.48,Test Evaluation
2016-05-19 20:30:00,120.0,124.42,Test Evaluation
2016-05-19 20:40:00,90.0,133.54,Test Evaluation
2016-05-19 20:50:00,90.0,118.9,Test Evaluation
2016-05-19 21:00:00,70.0,95.14,Test Evaluation
2016-05-19 21:10:00,80.0,93.66,Test Evaluation
2016-05-19 21:20:00,70.0,94.59,Test Evaluation
2016-05-19 21:30:00,60.0,74.61,Test Evaluation
2016-05-19 21:40:00,60.0,69.98,Test Evaluation
2016-05-19 21:50:00,60.0,65.64,Test Evaluation
2016-05-19 22:00:00,50.0,65.8,Test Evaluation
2016-05-19 22:10:00,50.0,61.75,Test Evaluation
2016-05-19 22:20:00,50.0,61.42,Test Evaluation
2016-05-19 22:30:00,50.0,59.71,Test Evaluation
2016-05-19 22:40:00,50.0,57.79,Test Evaluation
2016-05-19 22:50:00,50.0,56.67,Test Evaluation
2016-05-19 23:00:00,60.0,58.61,Test Evaluation
2016-05-19 23:10:00,50.0,61.6,Test Evaluation
2016-05-19 23:20:00,60.0,61.72,Test Evaluation
2016-05-19 23:30:00,60.0,62.69,Test Evaluation
2016-05-19 23:40:00,50.0,66.25,Test Evaluation
2016-05-19 23:50:00,60.0,65.09,Test Evaluation
2016-05-20 00:00:00,40.0,54.22,Test Evaluation
2016-05-20 00:10:00,50.0,51.53,Test Evaluation
2016-05-20 00:20:00,50.0,51.35,Test Evaluation
2016-05-20 00:30:00,60.0,47.39,Test Evaluation
2016-05-20 00:40:00,40.0,51.31,Test Evaluation
2016-05-20 00:50:00,70.0,46.68,Test Evaluation
2016-05-20 01:00:00,50.0,52.3,Test Evaluation
2016-05-20 01:10:00,50.0,53.2,Test Evaluation
2016-05-20 01:20:00,60.0,53.25,Test Evaluation
2016-05-20 01:30:00,50.0,53.83,Test Evaluation
2016-05-20 01:40:00,60.0,57.37,Test Evaluation
2016-05-20 01:50:00,40.0,54.84,Test Evaluation
2016-05-20 02:00:00,50.0,57.75,Test Evaluation
2016-05-20 02:10:00,40.0,58.3,Test Evaluation
2016-05-20 02:20:00,30.0,53.98,Test Evaluation
2016-05-20 02:30:00,20.0,53.03,Test Evaluation
2016-05-20 02:40:00,30.0,47.06,Test Evaluation
2016-05-20 02:50:00,50.0,45.85,Test Evaluation
2016-05-20 03:00:00,70.0,46.83,Test Evaluation
2016-05-20 03:10:00,60.0,51.29,Test Evaluation
2016-05-20 03:20:00,50.0,56.96,Test Evaluation
2016-05-20 03:30:00,60.0,61.62,Test Evaluation
2016-05-20 03:40:00,60.0,65.99,Test Evaluation
2016-05-20 03:50:00,50.0,65.7,Test Evaluation
2016-05-20 04:00:00,50.0,61.39,Test Evaluation
2016-05-20 04:10:00,50.0,60.83,Test Evaluation
2016-05-20 04:20:00,50.0,61.18,Test Evaluation
2016-05-20 04:30:00,50.0,59.7,Test Evaluation
2016-05-20 04:40:00,50.0,57.82,Test Evaluation
2016-05-20 04:50:00,60.0,59.18,Test Evaluation
2016-05-20 05:00:00,80.0,60.96,Test Evaluation
2016-05-20 05:10:00,80.0,77.72,Test Evaluation
2016-05-20 05:20:00,50.0,67.46,Test Evaluation
2016-05-20 05:30:00,60.0,65.7,Test Evaluation
2016-05-20 05:40:00,60.0,77.74,Test Evaluation
2016-05-20 05:50:00,40.0,67.7,Test Evaluation
2016-05-20 06:00:00,60.0,59.48,Test Evaluation
2016-05-20 06:10:00,50.0,56.68,Test Evaluation
2016-05-20 06:20:00,50.0,67.09,Test Evaluation
2016-05-20 06:30:00,60.0,86.66,Test Evaluation
2016-05-20 06:40:00,90.0,90.07,Test Evaluation
2016-05-20 06:50:00,90.0,87.52,Test Evaluation
2016-05-20 07:00:00,80.0,93.67,Test Evaluation
2016-05-20 07:10:00,90.0,96.19,Test Evaluation
2016-05-20 07:20:00,80.0,106.2,Test Evaluation
2016-05-20 07:30:00,70.0,117.59,Test Evaluation
2016-05-20 07:40:00,80.0,81.05,Test Evaluation
2016-05-20 07:50:00,80.0,109.95,Test Evaluation
2016-05-20 08:00:00,110.0,117.94,Test Evaluation
2016-05-20 08:10:00,130.0,119.94,Test Evaluation
2016-05-20 08:20:00,170.0,125.78,Test Evaluation
2016-05-20 08:30:00,130.0,142.37,Test Evaluation
2016-05-20 08:40:00,130.0,155.14,Test Evaluation
2016-05-20 08:50:00,90.0,152.11,Test Evaluation
2016-05-20 09:00:00,70.0,143.31,Test Evaluation
2016-05-20 09:10:00,60.0,123.78,Test Evaluation
2016-05-20 09:20:00,90.0,103.01,Test Evaluation
2016-05-20 09:30:00,80.0,101.02,Test Evaluation
2016-05-20 09:40:00,80.0,103.97,Test Evaluation
2016-05-20 09:50:00,60.0,93.64,Test Evaluation
2016-05-20 10:00:00,100.0,94.08,Test Evaluation
2016-05-20 10:10:00,80.0,99.64,Test Evaluation
2016-05-20 10:20:00,70.0,97.32,Test Evaluation
2016-05-20 10:30:00,90.0,105.74,Test Evaluation
2016-05-20 10:40:00,70.0,96.93,Test Evaluation
2016-05-20 10:50:00,80.0,100.14,Test Evaluation
2016-05-20 11:00:00,70.0,95.97,Test Evaluation
2016-05-20 11:10:00,80.0,137.12,Test Evaluation
2016-05-20 11:20:00,60.0,124.64,Test Evaluation
2016-05-20 11:30:00,60.0,103.3,Test Evaluation
2016-05-20 11:40:00,120.0,111.43,Test Evaluation
2016-05-20 11:50:00,50.0,108.75,Test Evaluation
2016-05-20 12:00:00,70.0,104.63,Test Evaluation
2016-05-20 12:10:00,60.0,101.16,Test Evaluation
2016-05-20 12:20:00,90.0,100.4,Test Evaluation
2016-05-20 12:30:00,70.0,104.75,Test Evaluation
2016-05-20 12:40:00,70.0,81.91,Test Evaluation
2016-05-20 12:50:00,70.0,104.12,Test Evaluation
2016-05-20 13:00:00,70.0,84.17,Test Evaluation
2016-05-20 13:10:00,60.0,82.35,Test Evaluation
2016-05-20 13:20:00,70.0,77.83,Test Evaluation
2016-05-20 13:30:00,60.0,76.82,Test Evaluation
2016-05-20 13:40:00,50.0,76.22,Test Evaluation
2016-05-20 13:50:00,60.0,71.56,Test Evaluation
2016-05-20 14:00:00,60.0,66.11,Test Evaluation
2016-05-20 14:10:00,70.0,66.25,Test Evaluation
2016-05-20 14:20:00,60.0,92.46,Test Evaluation
2016-05-20 14:30:00,60.0,86.11,Test Evaluation
2016-05-20 14:40:00,50.0,78.08,Test Evaluation
2016-05-20 14:50:00,60.0,77.78,Test Evaluation
2016-05-20 15:00:00,50.0,79.9,Test Evaluation
2016-05-20 15:10:00,40.0,75.79,Test Evaluation
2016-05-20 15:20:00,50.0,71.57,Test Evaluation
2016-05-20 15:30:00,50.0,66.63,Test Evaluation
2016-05-20 15:40:00,50.0,63.58,Test Evaluation
2016-05-20 15:50:00,40.0,66.67,Test Evaluation
2016-05-20 16:00:00,30.0,75.97,Test Evaluation
2016-05-20 16:10:00,40.0,71.84,Test Evaluation
2016-05-20 16:20:00,30.0,79.47,Test Evaluation
2016-05-20 16:30:00,60.0,76.08,Test Evaluation
2016-05-20 16:40:00,60.0,66.49,Test Evaluation
2016-05-20 16:50:00,70.0,67.95,Test Evaluation
2016-05-20 17:00:00,90.0,76.21,Test Evaluation
2016-05-20 17:10:00,60.0,80.46,Test Evaluation
2016-05-20 17:20:00,80.0,78.8,Test Evaluation
2016-05-20 17:30:00,70.0,82.43,Test Evaluation
2016-05-20 17:40:00,80.0,98.86,Test Evaluation
2016-05-20 17:50:00,70.0,133.4,Test Evaluation
2016-05-20 18:00:00,90.0,112.92,Test Evaluation
2016-05-20 18:10:00,80.0,108.25,Test Evaluation
2016-05-20 18:20:00,80.0,99.5,Test Evaluation
2016-05-20 18:30:00,70.0,96.8,Test Evaluation
2016-05-20 18:40:00,70.0,94.02,Test Evaluation
2016-05-20 18:50:00,80.0,93.05,Test Evaluation
2016-05-20 19:00:00,70.0,92.86,Test Evaluation
2016-05-20 19:10:00,60.0,99.29,Test Evaluation
2016-05-20 19:20:00,60.0,89.51,Test Evaluation
2016-05-20 19:30:00,70.0,81.74,Test Evaluation
2016-05-20 19:40:00,60.0,80.45,Test Evaluation
2016-05-20 19:50:00,70.0,76.24,Test Evaluation
2016-05-20 20:00:00,70.0,80.16,Test Evaluation
2016-05-20 20:10:00,70.0,77.22,Test Evaluation
2016-05-20 20:20:00,70.0,78.28,Test Evaluation
2016-05-20 20:30:00,70.0,73.6,Test Evaluation
2016-05-20 20:40:00,80.0,74.63,Test Evaluation
2016-05-20 20:50:00,60.0,73.12,Test Evaluation
2016-05-20 21:00:00,70.0,69.29,Test Evaluation
2016-05-20 21:10:00,60.0,68.41,Test Evaluation
2016-05-20 21:20:00,80.0,76.51,Test Evaluation
2016-05-20 21:30:00,70.0,66.12,Test Evaluation
2016-05-20 21:40:00,50.0,64.21,Test Evaluation
2016-05-20 21:50:00,60.0,63.01,Test Evaluation
2016-05-20 22:00:00,40.0,61.58,Test Evaluation
2016-05-20 22:10:00,60.0,69.5,Test Evaluation
2016-05-20 22:20:00,50.0,55.34,Test Evaluation
2016-05-20 22:30:00,60.0,53.24,Test Evaluation
2016-05-20 22:40:00,60.0,58.87,Test Evaluation
2016-05-20 22:50:00,50.0,58.39,Test Evaluation
2016-05-20 23:00:00,50.0,62.88,Test Evaluation
2016-05-20 23:10:00,50.0,60.24,Test Evaluation
2016-05-20 23:20:00,50.0,61.25,Test Evaluation
2016-05-20 23:30:00,50.0,60.13,Test Evaluation
2016-05-20 23:40:00,40.0,57.31,Test Evaluation
2016-05-20 23:50:00,30.0,56.54,Test Evaluation
2016-05-21 00:00:00,40.0,39.36,Test Evaluation
2016-05-21 00:10:00,40.0,38.67,Test Evaluation
2016-05-21 00:20:00,40.0,36.56,Test Evaluation
2016-05-21 00:30:00,60.0,36.23,Test Evaluation
2016-05-21 00:40:00,60.0,39.27,Test Evaluation
2016-05-21 00:50:00,50.0,47.62,Test Evaluation
2016-05-21 01:00:00,60.0,47.96,Test Evaluation
2016-05-21 01:10:00,50.0,51.84,Test Evaluation
2016-05-21 01:20:00,50.0,53.67,Test Evaluation
2016-05-21 01:30:00,50.0,50.2,Test Evaluation
2016-05-21 01:40:00,50.0,50.29,Test Evaluation
2016-05-21 01:50:00,50.0,50.56,Test Evaluation
2016-05-21 02:00:00,60.0,47.88,Test Evaluation
2016-05-21 02:10:00,50.0,48.1,Test Evaluation
2016-05-21 02:20:00,60.0,49.02,Test Evaluation
2016-05-21 02:30:00,50.0,50.45,Test Evaluation
2016-05-21 02:40:00,60.0,50.74,Test Evaluation
2016-05-21 02:50:00,60.0,53.46,Test Evaluation
2016-05-21 03:00:00,40.0,54.59,Test Evaluation
2016-05-21 03:10:00,50.0,53.24,Test Evaluation
2016-05-21 03:20:00,50.0,49.45,Test Evaluation
2016-05-21 03:30:00,40.0,51.98,Test Evaluation
2016-05-21 03:40:00,60.0,47.36,Test Evaluation
2016-05-21 03:50:00,50.0,48.03,Test Evaluation
2016-05-21 04:00:00,60.0,51.08,Test Evaluation
2016-05-21 04:10:00,60.0,51.4,Test Evaluation
2016-05-21 04:20:00,60.0,53.59,Test Evaluation
2016-05-21 04:30:00,50.0,57.43,Test Evaluation
2016-05-21 04:40:00,60.0,55.08,Test Evaluation
2016-05-21 04:50:00,50.0,58.81,Test Evaluation
2016-05-21 05:00:00,70.0,57.55,Test Evaluation
2016-05-21 05:10:00,40.0,59.64,Test Evaluation
2016-05-21 05:20:00,50.0,55.48,Test Evaluation
2016-05-21 05:30:00,50.0,56.25,Test Evaluation
2016-05-21 05:40:00,50.0,55.36,Test Evaluation
2016-05-21 05:50:00,50.0,55.2,Test Evaluation
2016-05-21 06:00:00,50.0,53.83,Test Evaluation
2016-05-21 06:10:00,60.0,58.21,Test Evaluation
2016-05-21 06:20:00,60.0,57.76,Test Evaluation
2016-05-21 06:30:00,50.0,61.68,Test Evaluation
2016-05-21 06:40:00,60.0,64.38,Test Evaluation
2016-05-21 06:50:00,80.0,66.66,Test Evaluation
2016-05-21 07:00:00,80.0,73.02,Test Evaluation
2016-05-21 07:10:00,50.0,73.55,Test Evaluation
2016-05-21 07:20:00,50.0,72.37,Test Evaluation
2016-05-21 07:30:00,60.0,70.22,Test Evaluation
2016-05-21 07:40:00,50.0,72.0,Test Evaluation
2016-05-21 07:50:00,50.0,79.75,Test Evaluation
2016-05-21 08:00:00,80.0,80.01,Test Evaluation
2016-05-21 08:10:00,330.0,86.22,Test Evaluation
2016-05-21 08:20:00,280.0,113.11,Test Evaluation
2016-05-21 08:30:00,130.0,144.51,Test Evaluation
2016-05-21 08:40:00,330.0,157.76,Test Evaluation
2016-05-21 08:50:00,100.0,199.74,Test Evaluation
2016-05-21 09:00:00,100.0,200.56,Test Evaluation
2016-05-21 09:10:00,80.0,147.59,Test Evaluation
2016-05-21 09:20:00,90.0,124.23,Test Evaluation
2016-05-21 09:30:00,390.0,128.0,Test Evaluation
2016-05-21 09:40:00,790.0,119.95,Test Evaluation
2016-05-21 09:50:00,410.0,251.61,Test Evaluation
2016-05-21 10:00:00,270.0,310.22,Test Evaluation
2016-05-21 10:10:00,340.0,319.07,Test Evaluation
2016-05-21 10:20:00,270.0,355.39,Test Evaluation
2016-05-21 10:30:00,340.0,316.76,Test Evaluation
2016-05-21 10:40:00,610.0,219.54,Test Evaluation
2016-05-21 10:50:00,470.0,275.52,Test Evaluation
2016-05-21 11:00:00,110.0,316.24,Test Evaluation
2016-05-21 11:10:00,590.0,273.22,Test Evaluation
2016-05-21 11:20:00,720.0,324.17,Test Evaluation
2016-05-21 11:30:00,600.0,376.28,Test Evaluation
2016-05-21 11:40:00,260.0,357.82,Test Evaluation
2016-05-21 11:50:00,310.0,333.63,Test Evaluation
2016-05-21 12:00:00,270.0,392.31,Test Evaluation
2016-05-21 12:10:00,250.0,308.77,Test Evaluation
2016-05-21 12:20:00,270.0,231.84,Test Evaluation
2016-05-21 12:30:00,230.0,189.02,Test Evaluation
2016-05-21 12:40:00,200.0,209.57,Test Evaluation
2016-05-21 12:50:00,150.0,190.79,Test Evaluation
2016-05-21 13:00:00,80.0,175.06,Test Evaluation
2016-05-21 13:10:00,550.0,162.4,Test Evaluation
2016-05-21 13:20:00,620.0,193.17,Test Evaluation
2016-05-21 13:30:00,250.0,253.62,Test Evaluation
2016-05-21 13:40:00,300.0,261.06,Test Evaluation
2016-05-21 13:50:00,260.0,288.54,Test Evaluation
2016-05-21 14:00:00,220.0,321.28,Test Evaluation
2016-05-21 14:10:00,270.0,249.2,Test Evaluation
2016-05-21 14:20:00,220.0,180.79,Test Evaluation
2016-05-21 14:30:00,110.0,202.97,Test Evaluation
2016-05-21 14:40:00,480.0,169.81,Test Evaluation
2016-05-21 14:50:00,520.0,208.97,Test Evaluation
2016-05-21 15:00:00,380.0,256.38,Test Evaluation
2016-05-21 15:10:00,550.0,270.32,Test Evaluation
2016-05-21 15:20:00,540.0,323.79,Test Evaluation
2016-05-21 15:30:00,340.0,407.21,Test Evaluation
2016-05-21 15:40:00,220.0,349.02,Test Evaluation
2016-05-21 15:50:00,140.0,301.0,Test Evaluation
2016-05-21 16:00:00,110.0,274.98,Test Evaluation
2016-05-21 16:10:00,90.0,196.76,Test Evaluation
2016-05-21 16:20:00,110.0,140.28,Test Evaluation
2016-05-21 16:30:00,100.0,111.84,Test Evaluation
2016-05-21 16:40:00,90.0,102.88,Test Evaluation
2016-05-21 16:50:00,100.0,102.01,Test Evaluation
2016-05-21 17:00:00,120.0,103.84,Test Evaluation
2016-05-21 17:10:00,110.0,108.41,Test Evaluation
2016-05-21 17:20:00,90.0,107.08,Test Evaluation
2016-05-21 17:30:00,80.0,106.17,Test Evaluation
2016-05-21 17:40:00,90.0,140.62,Test Evaluation
2016-05-21 17:50:00,80.0,132.13,Test Evaluation
2016-05-21 18:00:00,150.0,119.09,Test Evaluation
2016-05-21 18:10:00,130.0,103.99,Test Evaluation
2016-05-21 18:20:00,120.0,120.69,Test Evaluation
2016-05-21 18:30:00,120.0,117.0,Test Evaluation
2016-05-21 18:40:00,120.0,120.75,Test Evaluation
2016-05-21 18:50:00,110.0,137.88,Test Evaluation
2016-05-21 19:00:00,110.0,126.67,Test Evaluation
2016-05-21 19:10:00,110.0,124.06,Test Evaluation
2016-05-21 19:20:00,110.0,123.37,Test Evaluation
2016-05-21 19:30:00,110.0,122.48,Test Evaluation
2016-05-21 19:40:00,110.0,120.52,Test Evaluation
2016-05-21 19:50:00,100.0,121.24,Test Evaluation
2016-05-21 20:00:00,110.0,122.16,Test Evaluation
2016-05-21 20:10:00,100.0,131.3,Test Evaluation
2016-05-21 20:20:00,100.0,118.57,Test Evaluation
2016-05-21 20:30:00,100.0,106.46,Test Evaluation
2016-05-21 20:40:00,70.0,115.89,Test Evaluation
2016-05-21 20:50:00,90.0,110.93,Test Evaluation
2016-05-21 21:00:00,100.0,108.1,Test Evaluation
2016-05-21 21:10:00,110.0,108.31,Test Evaluation
2016-05-21 21:20:00,340.0,99.78,Test Evaluation
2016-05-21 21:30:00,90.0,135.89,Test Evaluation
2016-05-21 21:40:00,90.0,139.39,Test Evaluation
2016-05-21 21:50:00,80.0,138.48,Test Evaluation
2016-05-21 22:00:00,90.0,135.41,Test Evaluation
2016-05-21 22:10:00,60.0,131.23,Test Evaluation
2016-05-21 22:20:00,80.0,70.37,Test Evaluation
2016-05-21 22:30:00,70.0,87.47,Test Evaluation
2016-05-21 22:40:00,70.0,84.2,Test Evaluation
2016-05-21 22:50:00,70.0,83.25,Test Evaluation
2016-05-21 23:00:00,70.0,79.09,Test Evaluation
2016-05-21 23:10:00,160.0,82.07,Test Evaluation
2016-05-21 23:20:00,410.0,93.16,Test Evaluation
2016-05-21 23:30:00,140.0,144.82,Test Evaluation
2016-05-21 23:40:00,60.0,154.7,Test Evaluation
2016-05-21 23:50:00,50.0,152.58,Test Evaluation
2016-05-22 00:00:00,60.0,139.38,Test Evaluation
2016-05-22 00:10:00,60.0,117.05,Test Evaluation
2016-05-22 00:20:00,60.0,46.8,Test Evaluation
2016-05-22 00:30:00,60.0,54.94,Test Evaluation
2016-05-22 00:40:00,60.0,60.67,Test Evaluation
2016-05-22 00:50:00,60.0,62.23,Test Evaluation
2016-05-22 01:00:00,50.0,62.37,Test Evaluation
2016-05-22 01:10:00,60.0,60.93,Test Evaluation
2016-05-22 01:20:00,60.0,60.28,Test Evaluation
2016-05-22 01:30:00,50.0,60.25,Test Evaluation
2016-05-22 01:40:00,60.0,59.34,Test Evaluation
2016-05-22 01:50:00,60.0,59.31,Test Evaluation
2016-05-22 02:00:00,50.0,61.9,Test Evaluation
2016-05-22 02:10:00,50.0,59.66,Test Evaluation
2016-05-22 02:20:00,50.0,57.98,Test Evaluation
2016-05-22 02:30:00,50.0,58.71,Test Evaluation
2016-05-22 02:40:00,50.0,56.3,Test Evaluation
2016-05-22 02:50:00,60.0,54.08,Test Evaluation
2016-05-22 03:00:00,50.0,56.87,Test Evaluation
2016-05-22 03:10:00,50.0,55.47,Test Evaluation
2016-05-22 03:20:00,60.0,56.04,Test Evaluation
2016-05-22 03:30:00,50.0,56.33,Test Evaluation
2016-05-22 03:40:00,60.0,57.98,Test Evaluation
2016-05-22 03:50:00,50.0,56.65,Test Evaluation
2016-05-22 04:00:00,60.0,58.96,Test Evaluation
2016-05-22 04:10:00,50.0,60.9,Test Evaluation
2016-05-22 04:20:00,60.0,57.86,Test Evaluation
2016-05-22 04:30:00,50.0,60.0,Test Evaluation
2016-05-22 04:40:00,60.0,56.87,Test Evaluation
2016-05-22 04:50:00,50.0,59.01,Test Evaluation
2016-05-22 05:00:00,60.0,58.76,Test Evaluation
2016-05-22 05:10:00,50.0,57.99,Test Evaluation
2016-05-22 05:20:00,50.0,57.4,Test Evaluation
2016-05-22 05:30:00,40.0,58.0,Test Evaluation
2016-05-22 05:40:00,50.0,54.12,Test Evaluation
2016-05-22 05:50:00,50.0,54.72,Test Evaluation
2016-05-22 06:00:00,50.0,52.19,Test Evaluation
2016-05-22 06:10:00,50.0,53.1,Test Evaluation
2016-05-22 06:20:00,60.0,53.36,Test Evaluation
2016-05-22 06:30:00,70.0,54.94,Test Evaluation
2016-05-22 06:40:00,60.0,58.64,Test Evaluation
2016-05-22 06:50:00,60.0,60.22,Test Evaluation
2016-05-22 07:00:00,60.0,64.33,Test Evaluation
2016-05-22 07:10:00,60.0,63.27,Test Evaluation
2016-05-22 07:20:00,60.0,60.35,Test Evaluation
2016-05-22 07:30:00,70.0,58.97,Test Evaluation
2016-05-22 07:40:00,70.0,60.35,Test Evaluation
2016-05-22 07:50:00,60.0,71.56,Test Evaluation
2016-05-22 08:00:00,60.0,81.95,Test Evaluation
2016-05-22 08:10:00,50.0,80.42,Test Evaluation
2016-05-22 08:20:00,60.0,72.97,Test Evaluation
2016-05-22 08:30:00,220.0,61.32,Test Evaluation
2016-05-22 08:40:00,490.0,100.74,Test Evaluation
2016-05-22 08:50:00,260.0,152.26,Test Evaluation
2016-05-22 09:00:00,120.0,182.05,Test Evaluation
2016-05-22 09:10:00,120.0,191.12,Test Evaluation
2016-05-22 09:20:00,100.0,197.6,Test Evaluation
2016-05-22 09:30:00,130.0,184.8,Test Evaluation
2016-05-22 09:40:00,100.0,132.03,Test Evaluation
2016-05-22 09:50:00,110.0,103.9,Test Evaluation
2016-05-22 10:00:00,80.0,103.22,Test Evaluation
2016-05-22 10:10:00,90.0,101.41,Test Evaluation
2016-05-22 10:20:00,80.0,97.4,Test Evaluation
2016-05-22 10:30:00,150.0,98.78,Test Evaluation
2016-05-22 10:40:00,490.0,117.12,Test Evaluation
2016-05-22 10:50:00,320.0,165.6,Test Evaluation
2016-05-22 11:00:00,360.0,184.08,Test Evaluation
2016-05-22 11:10:00,470.0,249.5,Test Evaluation
2016-05-22 11:20:00,410.0,316.1,Test Evaluation
2016-05-22 11:30:00,290.0,342.64,Test Evaluation
2016-05-22 11:40:00,280.0,269.95,Test Evaluation
2016-05-22 11:50:00,250.0,280.91,Test Evaluation
2016-05-22 12:00:00,190.0,258.37,Test Evaluation
2016-05-22 12:10:00,130.0,209.61,Test Evaluation
2016-05-22 12:20:00,110.0,175.11,Test Evaluation
2016-05-22 12:30:00,110.0,157.8,Test Evaluation
2016-05-22 12:40:00,120.0,127.4,Test Evaluation
2016-05-22 12:50:00,100.0,103.03,Test Evaluation
2016-05-22 13:00:00,100.0,94.51,Test Evaluation
2016-05-22 13:10:00,100.0,121.39,Test Evaluation
2016-05-22 13:20:00,110.0,124.25,Test Evaluation
2016-05-22 13:30:00,110.0,114.13,Test Evaluation
2016-05-22 13:40:00,100.0,108.26,Test Evaluation
2016-05-22 13:50:00,100.0,101.97,Test Evaluation
2016-05-22 14:00:00,110.0,99.83,Test Evaluation
2016-05-22 14:10:00,110.0,104.07,Test Evaluation
2016-05-22 14:20:00,110.0,99.48,Test Evaluation
2016-05-22 14:30:00,110.0,92.08,Test Evaluation
2016-05-22 14:40:00,100.0,116.27,Test Evaluation
2016-05-22 14:50:00,100.0,119.57,Test Evaluation
2016-05-22 15:00:00,90.0,110.69,Test Evaluation
2016-05-22 15:10:00,100.0,116.74,Test Evaluation
2016-05-22 15:20:00,100.0,115.91,Test Evaluation
2016-05-22 15:30:00,110.0,103.92,Test Evaluation
2016-05-22 15:40:00,90.0,98.87,Test Evaluation
2016-05-22 15:50:00,90.0,93.59,Test Evaluation
2016-05-22 16:00:00,90.0,94.06,Test Evaluation
2016-05-22 16:10:00,80.0,92.12,Test Evaluation
2016-05-22 16:20:00,100.0,90.78,Test Evaluation
2016-05-22 16:30:00,90.0,86.61,Test Evaluation
2016-05-22 16:40:00,90.0,88.0,Test Evaluation
2016-05-22 16:50:00,80.0,100.01,Test Evaluation
2016-05-22 17:00:00,210.0,103.19,Test Evaluation
2016-05-22 17:10:00,440.0,107.69,Test Evaluation
2016-05-22 17:20:00,340.0,152.81,Test Evaluation
2016-05-22 17:30:00,240.0,196.0,Test Evaluation
2016-05-22 17:40:00,200.0,224.79,Test Evaluation
2016-05-22 17:50:00,160.0,239.1,Test Evaluation
2016-05-22 18:00:00,130.0,213.22,Test Evaluation
2016-05-22 18:10:00,110.0,144.11,Test Evaluation
2016-05-22 18:20:00,120.0,114.85,Test Evaluation
2016-05-22 18:30:00,110.0,105.6,Test Evaluation
2016-05-22 18:40:00,120.0,95.85,Test Evaluation
2016-05-22 18:50:00,130.0,103.22,Test Evaluation
2016-05-22 19:00:00,110.0,95.45,Test Evaluation
2016-05-22 19:10:00,110.0,93.37,Test Evaluation
2016-05-22 19:20:00,110.0,88.76,Test Evaluation
2016-05-22 19:30:00,90.0,88.53,Test Evaluation
2016-05-22 19:40:00,80.0,84.38,Test Evaluation
2016-05-22 19:50:00,80.0,73.38,Test Evaluation
2016-05-22 20:00:00,90.0,72.07,Test Evaluation
2016-05-22 20:10:00,120.0,68.23,Test Evaluation
2016-05-22 20:20:00,120.0,74.45,Test Evaluation
2016-05-22 20:30:00,130.0,101.1,Test Evaluation
2016-05-22 20:40:00,120.0,107.03,Test Evaluation
2016-05-22 20:50:00,120.0,102.05,Test Evaluation
2016-05-22 21:00:00,90.0,105.24,Test Evaluation
2016-05-22 21:10:00,100.0,107.63,Test Evaluation
2016-05-22 21:20:00,100.0,108.09,Test Evaluation
2016-05-22 21:30:00,90.0,90.43,Test Evaluation
2016-05-22 21:40:00,80.0,81.59,Test Evaluation
2016-05-22 21:50:00,70.0,73.33,Test Evaluation
2016-05-22 22:00:00,80.0,73.08,Test Evaluation
2016-05-22 22:10:00,60.0,68.82,Test Evaluation
2016-05-22 22:20:00,80.0,64.19,Test Evaluation
2016-05-22 22:30:00,100.0,62.54,Test Evaluation
2016-05-22 22:40:00,80.0,68.15,Test Evaluation
2016-05-22 22:50:00,70.0,69.72,Test Evaluation
2016-05-22 23:00:00,60.0,69.38,Test Evaluation
2016-05-22 23:10:00,60.0,76.07,Test Evaluation
2016-05-22 23:20:00,60.0,86.24,Test Evaluation
2016-05-22 23:30:00,60.0,65.41,Test Evaluation
2016-05-22 23:40:00,60.0,60.44,Test Evaluation
2016-05-22 23:50:00,60.0,59.48,Test Evaluation
2016-05-23 00:00:00,60.0,53.65,Test Evaluation
2016-05-23 00:10:00,60.0,53.22,Test Evaluation
2016-05-23 00:20:00,60.0,51.99,Test Evaluation
2016-05-23 00:30:00,60.0,53.14,Test Evaluation
2016-05-23 00:40:00,60.0,53.1,Test Evaluation
2016-05-23 00:50:00,50.0,52.93,Test Evaluation
2016-05-23 01:00:00,50.0,52.54,Test Evaluation
2016-05-23 01:10:00,50.0,51.94,Test Evaluation
2016-05-23 01:20:00,50.0,49.7,Test Evaluation
2016-05-23 01:30:00,50.0,47.65,Test Evaluation
2016-05-23 01:40:00,50.0,46.74,Test Evaluation
2016-05-23 01:50:00,60.0,48.56,Test Evaluation
2016-05-23 02:00:00,50.0,50.08,Test Evaluation
2016-05-23 02:10:00,60.0,51.61,Test Evaluation
2016-05-23 02:20:00,60.0,52.36,Test Evaluation
2016-05-23 02:30:00,60.0,55.64,Test Evaluation
2016-05-23 02:40:00,60.0,57.21,Test Evaluation
2016-05-23 02:50:00,60.0,56.32,Test Evaluation
2016-05-23 03:00:00,50.0,59.32,Test Evaluation
2016-05-23 03:10:00,60.0,56.0,Test Evaluation
2016-05-23 03:20:00,50.0,57.33,Test Evaluation
2016-05-23 03:30:00,50.0,55.66,Test Evaluation
2016-05-23 03:40:00,50.0,54.7,Test Evaluation
2016-05-23 03:50:00,50.0,52.4,Test Evaluation
2016-05-23 04:00:00,50.0,53.99,Test Evaluation
2016-05-23 04:10:00,50.0,51.18,Test Evaluation
2016-05-23 04:20:00,40.0,54.3,Test Evaluation
2016-05-23 04:30:00,50.0,51.7,Test Evaluation
2016-05-23 04:40:00,50.0,52.57,Test Evaluation
2016-05-23 04:50:00,60.0,53.24,Test Evaluation
2016-05-23 05:00:00,90.0,55.32,Test Evaluation
2016-05-23 05:10:00,60.0,60.4,Test Evaluation
2016-05-23 05:20:00,70.0,61.59,Test Evaluation
2016-05-23 05:30:00,70.0,73.84,Test Evaluation
2016-05-23 05:40:00,50.0,67.11,Test Evaluation
2016-05-23 05:50:00,60.0,65.36,Test Evaluation
2016-05-23 06:00:00,60.0,59.32,Test Evaluation
2016-05-23 06:10:00,60.0,61.29,Test Evaluation
2016-05-23 06:20:00,50.0,70.19,Test Evaluation
2016-05-23 06:30:00,80.0,58.08,Test Evaluation
2016-05-23 06:40:00,50.0,63.3,Test Evaluation
2016-05-23 06:50:00,60.0,61.17,Test Evaluation
2016-05-23 07:00:00,60.0,61.19,Test Evaluation
2016-05-23 07:10:00,50.0,61.1,Test Evaluation
2016-05-23 07:20:00,70.0,61.49,Test Evaluation
2016-05-23 07:30:00,50.0,56.86,Test Evaluation
2016-05-23 07:40:00,60.0,61.43,Test Evaluation
2016-05-23 07:50:00,50.0,68.19,Test Evaluation
2016-05-23 08:00:00,50.0,55.66,Test Evaluation
2016-05-23 08:10:00,50.0,55.36,Test Evaluation
2016-05-23 08:20:00,50.0,52.17,Test Evaluation
2016-05-23 08:30:00,50.0,60.76,Test Evaluation
2016-05-23 08:40:00,60.0,79.25,Test Evaluation
2016-05-23 08:50:00,50.0,68.62,Test Evaluation
2016-05-23 09:00:00,60.0,54.9,Test Evaluation
2016-05-23 09:10:00,50.0,55.77,Test Evaluation
2016-05-23 09:20:00,60.0,65.33,Test Evaluation
2016-05-23 09:30:00,50.0,59.6,Test Evaluation
2016-05-23 09:40:00,60.0,58.91,Test Evaluation
2016-05-23 09:50:00,50.0,65.23,Test Evaluation
2016-05-23 10:00:00,50.0,76.11,Test Evaluation
2016-05-23 10:10:00,50.0,68.47,Test Evaluation
2016-05-23 10:20:00,40.0,63.27,Test Evaluation
2016-05-23 10:30:00,60.0,65.97,Test Evaluation
2016-05-23 10:40:00,50.0,81.91,Test Evaluation
2016-05-23 10:50:00,60.0,70.16,Test Evaluation
2016-05-23 11:00:00,50.0,83.35,Test Evaluation
2016-05-23 11:10:00,60.0,78.58,Test Evaluation
2016-05-23 11:20:00,50.0,78.93,Test Evaluation
2016-05-23 11:30:00,60.0,71.43,Test Evaluation
2016-05-23 11:40:00,60.0,72.67,Test Evaluation
2016-05-23 11:50:00,60.0,70.26,Test Evaluation
2016-05-23 12:00:00,40.0,81.57,Test Evaluation
2016-05-23 12:10:00,50.0,85.17,Test Evaluation
2016-05-23 12:20:00,60.0,66.96,Test Evaluation
2016-05-23 12:30:00,60.0,72.21,Test Evaluation
2016-05-23 12:40:00,80.0,64.43,Test Evaluation
2016-05-23 12:50:00,80.0,67.03,Test Evaluation
2016-05-23 13:00:00,50.0,77.33,Test Evaluation
2016-05-23 13:10:00,60.0,89.37,Test Evaluation
2016-05-23 13:20:00,60.0,91.05,Test Evaluation
2016-05-23 13:30:00,50.0,91.73,Test Evaluation
2016-05-23 13:40:00,60.0,84.67,Test Evaluation
2016-05-23 13:50:00,60.0,65.99,Test Evaluation
2016-05-23 14:00:00,60.0,68.48,Test Evaluation
2016-05-23 14:10:00,50.0,66.75,Test Evaluation
2016-05-23 14:20:00,60.0,64.11,Test Evaluation
2016-05-23 14:30:00,40.0,66.49,Test Evaluation
2016-05-23 14:40:00,70.0,65.03,Test Evaluation
2016-05-23 14:50:00,70.0,63.72,Test Evaluation
2016-05-23 15:00:00,70.0,66.05,Test Evaluation
2016-05-23 15:10:00,70.0,67.08,Test Evaluation
2016-05-23 15:20:00,80.0,76.53,Test Evaluation
2016-05-23 15:30:00,60.0,77.74,Test Evaluation
2016-05-23 15:40:00,90.0,74.22,Test Evaluation
2016-05-23 15:50:00,70.0,76.49,Test Evaluation
2016-05-23 16:00:00,70.0,76.16,Test Evaluation
2016-05-23 16:10:00,60.0,76.93,Test Evaluation
2016-05-23 16:20:00,70.0,74.75,Test Evaluation
2016-05-23 16:30:00,100.0,75.7,Test Evaluation
2016-05-23 16:40:00,290.0,74.23,Test Evaluation
2016-05-23 16:50:00,350.0,109.99,Test Evaluation
2016-05-23 17:00:00,270.0,160.51,Test Evaluation
2016-05-23 17:10:00,230.0,205.09,Test Evaluation
2016-05-23 17:20:00,240.0,216.03,Test Evaluation
2016-05-23 17:30:00,590.0,230.85,Test Evaluation
2016-05-23 17:40:00,490.0,288.84,Test Evaluation
2016-05-23 17:50:00,460.0,279.86,Test Evaluation
2016-05-23 18:00:00,160.0,305.0,Test Evaluation
2016-05-23 18:10:00,120.0,280.8,Test Evaluation
2016-05-23 18:20:00,110.0,264.58,Test Evaluation
2016-05-23 18:30:00,120.0,167.13,Test Evaluation
2016-05-23 18:40:00,120.0,120.17,Test Evaluation
2016-05-23 18:50:00,110.0,76.48,Test Evaluation
2016-05-23 19:00:00,170.0,88.61,Test Evaluation
2016-05-23 19:10:00,110.0,103.29,Test Evaluation
2016-05-23 19:20:00,110.0,109.82,Test Evaluation
2016-05-23 19:30:00,110.0,107.95,Test Evaluation
2016-05-23 19:40:00,110.0,106.15,Test Evaluation
2016-05-23 19:50:00,110.0,105.6,Test Evaluation
2016-05-23 20:00:00,110.0,90.53,Test Evaluation
2016-05-23 20:10:00,110.0,94.68,Test Evaluation
2016-05-23 20:20:00,100.0,93.5,Test Evaluation
2016-05-23 20:30:00,110.0,87.91,Test Evaluation
2016-05-23 20:40:00,100.0,87.27,Test Evaluation
2016-05-23 20:50:00,100.0,106.29,Test Evaluation
2016-05-23 21:00:00,80.0,104.58,Test Evaluation
2016-05-23 21:10:00,70.0,101.07,Test Evaluation
2016-05-23 21:20:00,70.0,95.84,Test Evaluation
2016-05-23 21:30:00,60.0,98.46,Test Evaluation
2016-05-23 21:40:00,70.0,83.31,Test Evaluation
2016-05-23 21:50:00,60.0,78.06,Test Evaluation
2016-05-23 22:00:00,60.0,78.22,Test Evaluation
2016-05-23 22:10:00,70.0,77.04,Test Evaluation
2016-05-23 22:20:00,70.0,87.83,Test Evaluation
2016-05-23 22:30:00,70.0,71.69,Test Evaluation
2016-05-23 22:40:00,60.0,59.26,Test Evaluation
2016-05-23 22:50:00,50.0,60.38,Test Evaluation
2016-05-23 23:00:00,70.0,58.86,Test Evaluation
2016-05-23 23:10:00,50.0,59.17,Test Evaluation
2016-05-23 23:20:00,60.0,57.7,Test Evaluation
2016-05-23 23:30:00,60.0,55.96,Test Evaluation
2016-05-23 23:40:00,50.0,58.54,Test Evaluation
2016-05-23 23:50:00,60.0,58.27,Test Evaluation
2016-05-24 00:00:00,60.0,44.26,Test Evaluation
2016-05-24 00:10:00,50.0,47.85,Test Evaluation
2016-05-24 00:20:00,40.0,46.44,Test Evaluation
2016-05-24 00:30:00,50.0,43.52,Test Evaluation
2016-05-24 00:40:00,50.0,44.18,Test Evaluation
2016-05-24 00:50:00,50.0,42.53,Test Evaluation
2016-05-24 01:00:00,50.0,40.6,Test Evaluation
2016-05-24 01:10:00,60.0,41.71,Test Evaluation
2016-05-24 01:20:00,60.0,45.46,Test Evaluation
2016-05-24 01:30:00,60.0,47.53,Test Evaluation
2016-05-24 01:40:00,60.0,48.74,Test Evaluation
2016-05-24 01:50:00,50.0,51.6,Test Evaluation
2016-05-24 02:00:00,60.0,50.84,Test Evaluation
2016-05-24 02:10:00,50.0,50.93,Test Evaluation
2016-05-24 02:20:00,60.0,51.18,Test Evaluation
2016-05-24 02:30:00,50.0,49.84,Test Evaluation
2016-05-24 02:40:00,60.0,51.18,Test Evaluation
2016-05-24 02:50:00,50.0,52.22,Test Evaluation
2016-05-24 03:00:00,50.0,51.07,Test Evaluation
2016-05-24 03:10:00,50.0,52.77,Test Evaluation
2016-05-24 03:20:00,50.0,49.48,Test Evaluation
2016-05-24 03:30:00,50.0,51.02,Test Evaluation
2016-05-24 03:40:00,60.0,47.44,Test Evaluation
2016-05-24 03:50:00,60.0,51.58,Test Evaluation
2016-05-24 04:00:00,50.0,53.76,Test Evaluation
2016-05-24 04:10:00,50.0,53.74,Test Evaluation
2016-05-24 04:20:00,50.0,53.19,Test Evaluation
2016-05-24 04:30:00,60.0,55.77,Test Evaluation
2016-05-24 04:40:00,60.0,54.3,Test Evaluation
2016-05-24 04:50:00,50.0,55.76,Test Evaluation
2016-05-24 05:00:00,90.0,59.48,Test Evaluation
2016-05-24 05:10:00,50.0,63.78,Test Evaluation
2016-05-24 05:20:00,40.0,61.29,Test Evaluation
2016-05-24 05:30:00,60.0,57.31,Test Evaluation
2016-05-24 05:40:00,340.0,55.87,Test Evaluation
2016-05-24 05:50:00,60.0,100.32,Test Evaluation
2016-05-24 06:00:00,70.0,93.56,Test Evaluation
2016-05-24 06:10:00,70.0,97.92,Test Evaluation
2016-05-24 06:20:00,70.0,102.96,Test Evaluation
2016-05-24 06:30:00,70.0,104.34,Test Evaluation
2016-05-24 06:40:00,80.0,44.99,Test Evaluation
2016-05-24 06:50:00,70.0,69.49,Test Evaluation
2016-05-24 07:00:00,90.0,69.21,Test Evaluation
2016-05-24 07:10:00,70.0,93.88,Test Evaluation
2016-05-24 07:20:00,80.0,97.96,Test Evaluation
2016-05-24 07:30:00,120.0,95.94,Test Evaluation
2016-05-24 07:40:00,400.0,81.19,Test Evaluation
2016-05-24 07:50:00,210.0,129.51,Test Evaluation
2016-05-24 08:00:00,60.0,147.01,Test Evaluation
2016-05-24 08:10:00,60.0,147.51,Test Evaluation
2016-05-24 08:20:00,60.0,141.89,Test Evaluation
2016-05-24 08:30:00,50.0,129.9,Test Evaluation
2016-05-24 08:40:00,60.0,56.75,Test Evaluation
2016-05-24 08:50:00,50.0,46.07,Test Evaluation
2016-05-24 09:00:00,30.0,56.87,Test Evaluation
2016-05-24 09:10:00,30.0,51.89,Test Evaluation
2016-05-24 09:20:00,30.0,47.25,Test Evaluation
2016-05-24 09:30:00,30.0,44.11,Test Evaluation
2016-05-24 09:40:00,60.0,39.26,Test Evaluation
2016-05-24 09:50:00,50.0,41.67,Test Evaluation
2016-05-24 10:00:00,60.0,46.72,Test Evaluation
2016-05-24 10:10:00,60.0,52.04,Test Evaluation
2016-05-24 10:20:00,60.0,58.06,Test Evaluation
2016-05-24 10:30:00,60.0,65.13,Test Evaluation
2016-05-24 10:40:00,70.0,62.1,Test Evaluation
2016-05-24 10:50:00,90.0,67.47,Test Evaluation
2016-05-24 11:00:00,90.0,73.91,Test Evaluation
2016-05-24 11:10:00,100.0,78.06,Test Evaluation
2016-05-24 11:20:00,110.0,85.26,Test Evaluation
2016-05-24 11:30:00,100.0,92.79,Test Evaluation
2016-05-24 11:40:00,110.0,98.97,Test Evaluation
2016-05-24 11:50:00,100.0,100.01,Test Evaluation
2016-05-24 12:00:00,170.0,101.11,Test Evaluation
2016-05-24 12:10:00,180.0,110.81,Test Evaluation
2016-05-24 12:20:00,110.0,121.72,Test Evaluation
2016-05-24 12:30:00,100.0,124.17,Test Evaluation
2016-05-24 12:40:00,110.0,120.97,Test Evaluation
2016-05-24 12:50:00,100.0,124.42,Test Evaluation
2016-05-24 13:00:00,110.0,107.44,Test Evaluation
2016-05-24 13:10:00,100.0,97.14,Test Evaluation
2016-05-24 13:20:00,110.0,99.59,Test Evaluation
2016-05-24 13:30:00,110.0,100.51,Test Evaluation
2016-05-24 13:40:00,140.0,99.49,Test Evaluation
2016-05-24 13:50:00,140.0,106.51,Test Evaluation
2016-05-24 14:00:00,150.0,111.15,Test Evaluation
2016-05-24 14:10:00,150.0,120.88,Test Evaluation
2016-05-24 14:20:00,150.0,127.38,Test Evaluation
2016-05-24 14:30:00,150.0,131.75,Test Evaluation
2016-05-24 14:40:00,150.0,135.4,Test Evaluation
2016-05-24 14:50:00,150.0,135.29,Test Evaluation
2016-05-24 15:00:00,160.0,134.14,Test Evaluation
2016-05-24 15:10:00,140.0,135.09,Test Evaluation
2016-05-24 15:20:00,140.0,147.52,Test Evaluation
2016-05-24 15:30:00,140.0,169.15,Test Evaluation
2016-05-24 15:40:00,140.0,161.14,Test Evaluation
2016-05-24 15:50:00,130.0,157.62,Test Evaluation
2016-05-24 16:00:00,140.0,153.56,Test Evaluation
2016-05-24 16:10:00,140.0,153.58,Test Evaluation
2016-05-24 16:20:00,140.0,150.78,Test Evaluation
2016-05-24 16:30:00,150.0,163.95,Test Evaluation
2016-05-24 16:40:00,140.0,163.27,Test Evaluation
2016-05-24 16:50:00,140.0,168.74,Test Evaluation
2016-05-24 17:00:00,150.0,164.12,Test Evaluation
2016-05-24 17:10:00,150.0,159.04,Test Evaluation
2016-05-24 17:20:00,150.0,171.15,Test Evaluation
2016-05-24 17:30:00,130.0,179.76,Test Evaluation
2016-05-24 17:40:00,160.0,178.73,Test Evaluation
2016-05-24 17:50:00,480.0,187.54,Test Evaluation
2016-05-24 18:00:00,260.0,190.97,Test Evaluation
2016-05-24 18:10:00,100.0,188.2,Test Evaluation
2016-05-24 18:20:00,110.0,182.18,Test Evaluation
2016-05-24 18:30:00,110.0,180.33,Test Evaluation
2016-05-24 18:40:00,120.0,171.54,Test Evaluation
2016-05-24 18:50:00,120.0,93.52,Test Evaluation
2016-05-24 19:00:00,110.0,91.95,Test Evaluation
2016-05-24 19:10:00,160.0,105.95,Test Evaluation
2016-05-24 19:20:00,110.0,115.88,Test Evaluation
2016-05-24 19:30:00,110.0,118.33,Test Evaluation
2016-05-24 19:40:00,120.0,114.96,Test Evaluation
2016-05-24 19:50:00,130.0,112.14,Test Evaluation
2016-05-24 20:00:00,120.0,114.46,Test Evaluation
2016-05-24 20:10:00,100.0,102.05,Test Evaluation
2016-05-24 20:20:00,90.0,100.02,Test Evaluation
2016-05-24 20:30:00,110.0,97.41,Test Evaluation
2016-05-24 20:40:00,80.0,94.09,Test Evaluation
2016-05-24 20:50:00,80.0,85.34,Test Evaluation
2016-05-24 21:00:00,80.0,88.83,Test Evaluation
2016-05-24 21:10:00,90.0,76.01,Test Evaluation
2016-05-24 21:20:00,80.0,78.94,Test Evaluation
2016-05-24 21:30:00,70.0,82.08,Test Evaluation
2016-05-24 21:40:00,60.0,95.05,Test Evaluation
2016-05-24 21:50:00,80.0,91.51,Test Evaluation
2016-05-24 22:00:00,60.0,103.23,Test Evaluation
2016-05-24 22:10:00,70.0,90.02,Test Evaluation
2016-05-24 22:20:00,60.0,86.56,Test Evaluation
2016-05-24 22:30:00,60.0,86.03,Test Evaluation
2016-05-24 22:40:00,70.0,84.68,Test Evaluation
2016-05-24 22:50:00,50.0,82.58,Test Evaluation
2016-05-24 23:00:00,70.0,73.7,Test Evaluation
2016-05-24 23:10:00,50.0,63.23,Test Evaluation
2016-05-24 23:20:00,60.0,62.39,Test Evaluation
2016-05-24 23:30:00,60.0,63.16,Test Evaluation
2016-05-24 23:40:00,50.0,60.32,Test Evaluation
2016-05-24 23:50:00,60.0,63.15,Test Evaluation
2016-05-25 00:00:00,60.0,48.33,Test Evaluation
2016-05-25 00:10:00,50.0,52.07,Test Evaluation
2016-05-25 00:20:00,60.0,48.6,Test Evaluation
2016-05-25 00:30:00,50.0,48.94,Test Evaluation
2016-05-25 00:40:00,50.0,49.49,Test Evaluation
2016-05-25 00:50:00,50.0,47.48,Test Evaluation
2016-05-25 01:00:00,50.0,47.11,Test Evaluation
2016-05-25 01:10:00,50.0,47.97,Test Evaluation
2016-05-25 01:20:00,50.0,46.96,Test Evaluation
2016-05-25 01:30:00,50.0,45.95,Test Evaluation
2016-05-25 01:40:00,70.0,47.65,Test Evaluation
2016-05-25 01:50:00,50.0,50.11,Test Evaluation
2016-05-25 02:00:00,60.0,50.9,Test Evaluation
2016-05-25 02:10:00,50.0,50.89,Test Evaluation
2016-05-25 02:20:00,50.0,51.46,Test Evaluation
2016-05-25 02:30:00,60.0,49.55,Test Evaluation
2016-05-25 02:40:00,60.0,47.04,Test Evaluation
2016-05-25 02:50:00,60.0,50.5,Test Evaluation
2016-05-25 03:00:00,40.0,48.8,Test Evaluation
2016-05-25 03:10:00,50.0,50.14,Test Evaluation
2016-05-25 03:20:00,50.0,48.58,Test Evaluation
2016-05-25 03:30:00,50.0,48.42,Test Evaluation
2016-05-25 03:40:00,50.0,48.04,Test Evaluation
2016-05-25 03:50:00,50.0,46.47,Test Evaluation
2016-05-25 04:00:00,50.0,50.16,Test Evaluation
2016-05-25 04:10:00,60.0,49.42,Test Evaluation
2016-05-25 04:20:00,60.0,51.65,Test Evaluation
2016-05-25 04:30:00,50.0,53.0,Test Evaluation
2016-05-25 04:40:00,50.0,53.22,Test Evaluation
2016-05-25 04:50:00,60.0,52.91,Test Evaluation
2016-05-25 05:00:00,60.0,59.61,Test Evaluation
2016-05-25 05:10:00,80.0,55.93,Test Evaluation
2016-05-25 05:20:00,50.0,66.09,Test Evaluation
2016-05-25 05:30:00,50.0,56.82,Test Evaluation
2016-05-25 05:40:00,50.0,75.17,Test Evaluation
2016-05-25 05:50:00,40.0,59.21,Test Evaluation
2016-05-25 06:00:00,30.0,58.82,Test Evaluation
2016-05-25 06:10:00,50.0,55.19,Test Evaluation
2016-05-25 06:20:00,50.0,53.72,Test Evaluation
2016-05-25 06:30:00,50.0,54.83,Test Evaluation
2016-05-25 06:40:00,80.0,55.02,Test Evaluation
2016-05-25 06:50:00,70.0,61.71,Test Evaluation
2016-05-25 07:00:00,70.0,69.69,Test Evaluation
2016-05-25 07:10:00,90.0,69.86,Test Evaluation
2016-05-25 07:20:00,50.0,75.75,Test Evaluation
2016-05-25 07:30:00,60.0,76.72,Test Evaluation
2016-05-25 07:40:00,60.0,86.5,Test Evaluation
2016-05-25 07:50:00,60.0,86.42,Test Evaluation
2016-05-25 08:00:00,70.0,87.05,Test Evaluation
2016-05-25 08:10:00,110.0,93.31,Test Evaluation
2016-05-25 08:20:00,60.0,95.99,Test Evaluation
2016-05-25 08:30:00,110.0,95.48,Test Evaluation
2016-05-25 08:40:00,70.0,101.75,Test Evaluation
2016-05-25 08:50:00,80.0,103.27,Test Evaluation
2016-05-25 09:00:00,100.0,113.02,Test Evaluation
2016-05-25 09:10:00,110.0,99.51,Test Evaluation
2016-05-25 09:20:00,70.0,117.61,Test Evaluation
2016-05-25 09:30:00,90.0,104.04,Test Evaluation
2016-05-25 09:40:00,80.0,112.85,Test Evaluation
2016-05-25 09:50:00,90.0,122.07,Test Evaluation
2016-05-25 10:00:00,50.0,105.21,Test Evaluation
2016-05-25 10:10:00,100.0,90.85,Test Evaluation
2016-05-25 10:20:00,70.0,81.56,Test Evaluation
2016-05-25 10:30:00,120.0,89.88,Test Evaluation
2016-05-25 10:40:00,80.0,88.46,Test Evaluation
2016-05-25 10:50:00,50.0,92.58,Test Evaluation
2016-05-25 11:00:00,60.0,97.87,Test Evaluation
2016-05-25 11:10:00,50.0,86.55,Test Evaluation
2016-05-25 11:20:00,50.0,86.17,Test Evaluation
2016-05-25 11:30:00,50.0,73.04,Test Evaluation
2016-05-25 11:40:00,50.0,69.54,Test Evaluation
2016-05-25 11:50:00,40.0,72.1,Test Evaluation
2016-05-25 12:00:00,60.0,72.18,Test Evaluation
2016-05-25 12:10:00,60.0,75.29,Test Evaluation
2016-05-25 12:20:00,60.0,73.72,Test Evaluation
2016-05-25 12:30:00,50.0,72.42,Test Evaluation
2016-05-25 12:40:00,60.0,74.59,Test Evaluation
2016-05-25 12:50:00,70.0,76.41,Test Evaluation
2016-05-25 13:00:00,50.0,77.97,Test Evaluation
2016-05-25 13:10:00,70.0,74.27,Test Evaluation
2016-05-25 13:20:00,80.0,78.16,Test Evaluation
2016-05-25 13:30:00,70.0,83.14,Test Evaluation
2016-05-25 13:40:00,90.0,85.76,Test Evaluation
2016-05-25 13:50:00,70.0,87.33,Test Evaluation
2016-05-25 14:00:00,80.0,92.31,Test Evaluation
2016-05-25 14:10:00,80.0,93.64,Test Evaluation
2016-05-25 14:20:00,80.0,93.32,Test Evaluation
2016-05-25 14:30:00,80.0,95.79,Test Evaluation
2016-05-25 14:40:00,70.0,93.31,Test Evaluation
2016-05-25 14:50:00,90.0,95.63,Test Evaluation
2016-05-25 15:00:00,80.0,97.86,Test Evaluation
2016-05-25 15:10:00,90.0,97.16,Test Evaluation
2016-05-25 15:20:00,70.0,97.7,Test Evaluation
2016-05-25 15:30:00,80.0,94.81,Test Evaluation
2016-05-25 15:40:00,80.0,95.2,Test Evaluation
2016-05-25 15:50:00,80.0,91.35,Test Evaluation
2016-05-25 16:00:00,90.0,93.77,Test Evaluation
2016-05-25 16:10:00,420.0,92.01,Test Evaluation
2016-05-25 16:20:00,240.0,146.73,Test Evaluation
2016-05-25 16:30:00,270.0,174.29,Test Evaluation
2016-05-25 16:40:00,190.0,208.53,Test Evaluation
2016-05-25 16:50:00,180.0,214.37,Test Evaluation
2016-05-25 17:00:00,70.0,228.36,Test Evaluation
2016-05-25 17:10:00,80.0,153.99,Test Evaluation
2016-05-25 17:20:00,120.0,145.76,Test Evaluation
2016-05-25 17:30:00,190.0,119.61,Test Evaluation
2016-05-25 17:40:00,160.0,124.72,Test Evaluation
2016-05-25 17:50:00,90.0,147.28,Test Evaluation
2016-05-25 18:00:00,100.0,138.21,Test Evaluation
2016-05-25 18:10:00,170.0,133.43,Test Evaluation
2016-05-25 18:20:00,310.0,139.0,Test Evaluation
2016-05-25 18:30:00,120.0,158.96,Test Evaluation
2016-05-25 18:40:00,120.0,163.89,Test Evaluation
2016-05-25 18:50:00,120.0,160.9,Test Evaluation
2016-05-25 19:00:00,120.0,163.0,Test Evaluation
2016-05-25 19:10:00,120.0,154.17,Test Evaluation
2016-05-25 19:20:00,130.0,111.99,Test Evaluation
2016-05-25 19:30:00,110.0,128.54,Test Evaluation
2016-05-25 19:40:00,120.0,126.18,Test Evaluation
2016-05-25 19:50:00,110.0,126.58,Test Evaluation
2016-05-25 20:00:00,110.0,126.11,Test Evaluation
2016-05-25 20:10:00,240.0,122.19,Test Evaluation
2016-05-25 20:20:00,440.0,136.71,Test Evaluation
2016-05-25 20:30:00,160.0,198.69,Test Evaluation
2016-05-25 20:40:00,80.0,212.9,Test Evaluation
2016-05-25 20:50:00,110.0,200.76,Test Evaluation
2016-05-25 21:00:00,70.0,207.88,Test Evaluation
2016-05-25 21:10:00,70.0,153.05,Test Evaluation
2016-05-25 21:20:00,50.0,81.18,Test Evaluation
2016-05-25 21:30:00,50.0,83.44,Test Evaluation
2016-05-25 21:40:00,60.0,83.64,Test Evaluation
2016-05-25 21:50:00,40.0,75.02,Test Evaluation
2016-05-25 22:00:00,50.0,72.22,Test Evaluation
2016-05-25 22:10:00,50.0,70.13,Test Evaluation
2016-05-25 22:20:00,60.0,70.17,Test Evaluation
2016-05-25 22:30:00,50.0,72.03,Test Evaluation
2016-05-25 22:40:00,60.0,68.83,Test Evaluation
2016-05-25 22:50:00,50.0,72.58,Test Evaluation
2016-05-25 23:00:00,60.0,73.13,Test Evaluation
2016-05-25 23:10:00,50.0,73.36,Test Evaluation
2016-05-25 23:20:00,60.0,72.11,Test Evaluation
2016-05-25 23:30:00,50.0,73.52,Test Evaluation
2016-05-25 23:40:00,50.0,71.81,Test Evaluation
2016-05-25 23:50:00,50.0,72.27,Test Evaluation
2016-05-26 00:00:00,50.0,58.56,Test Evaluation
2016-05-26 00:10:00,50.0,57.98,Test Evaluation
2016-05-26 00:20:00,50.0,56.76,Test Evaluation
2016-05-26 00:30:00,60.0,55.56,Test Evaluation
2016-05-26 00:40:00,50.0,57.54,Test Evaluation
2016-05-26 00:50:00,60.0,57.39,Test Evaluation
2016-05-26 01:00:00,60.0,58.58,Test Evaluation
2016-05-26 01:10:00,60.0,60.7,Test Evaluation
2016-05-26 01:20:00,50.0,62.2,Test Evaluation
2016-05-26 01:30:00,50.0,60.59,Test Evaluation
2016-05-26 01:40:00,60.0,61.77,Test Evaluation
2016-05-26 01:50:00,50.0,60.58,Test Evaluation
2016-05-26 02:00:00,50.0,59.46,Test Evaluation
2016-05-26 02:10:00,40.0,57.56,Test Evaluation
2016-05-26 02:20:00,50.0,56.93,Test Evaluation
2016-05-26 02:30:00,50.0,57.6,Test Evaluation
2016-05-26 02:40:00,60.0,56.13,Test Evaluation
2016-05-26 02:50:00,50.0,57.25,Test Evaluation
2016-05-26 03:00:00,60.0,57.4,Test Evaluation
2016-05-26 03:10:00,50.0,61.02,Test Evaluation
2016-05-26 03:20:00,60.0,61.52,Test Evaluation
2016-05-26 03:30:00,50.0,61.74,Test Evaluation
2016-05-26 03:40:00,60.0,60.74,Test Evaluation
2016-05-26 03:50:00,60.0,62.94,Test Evaluation
2016-05-26 04:00:00,50.0,62.66,Test Evaluation
2016-05-26 04:10:00,50.0,63.81,Test Evaluation
2016-05-26 04:20:00,50.0,60.83,Test Evaluation
2016-05-26 04:30:00,50.0,61.53,Test Evaluation
2016-05-26 04:40:00,50.0,58.56,Test Evaluation
2016-05-26 04:50:00,50.0,58.11,Test Evaluation
2016-05-26 05:00:00,60.0,58.56,Test Evaluation
2016-05-26 05:10:00,50.0,62.53,Test Evaluation
2016-05-26 05:20:00,60.0,57.92,Test Evaluation
2016-05-26 05:30:00,50.0,59.56,Test Evaluation
2016-05-26 05:40:00,60.0,59.08,Test Evaluation
2016-05-26 05:50:00,60.0,60.18,Test Evaluation
2016-05-26 06:00:00,60.0,58.9,Test Evaluation
2016-05-26 06:10:00,70.0,62.12,Test Evaluation
2016-05-26 06:20:00,100.0,63.43,Test Evaluation
2016-05-26 06:30:00,40.0,70.94,Test Evaluation
2016-05-26 06:40:00,50.0,68.1,Test Evaluation
2016-05-26 06:50:00,50.0,76.46,Test Evaluation
2016-05-26 07:00:00,80.0,64.84,Test Evaluation
2016-05-26 07:10:00,50.0,65.6,Test Evaluation
2016-05-26 07:20:00,180.0,54.56,Test Evaluation
2016-05-26 07:30:00,90.0,78.8,Test Evaluation
2016-05-26 07:40:00,70.0,88.26,Test Evaluation
2016-05-26 07:50:00,130.0,93.81,Test Evaluation
2016-05-26 08:00:00,360.0,102.77,Test Evaluation
2016-05-26 08:10:00,160.0,152.36,Test Evaluation
2016-05-26 08:20:00,90.0,138.83,Test Evaluation
2016-05-26 08:30:00,90.0,147.86,Test Evaluation
2016-05-26 08:40:00,110.0,151.82,Test Evaluation
2016-05-26 08:50:00,130.0,146.29,Test Evaluation
2016-05-26 09:00:00,100.0,96.73,Test Evaluation
2016-05-26 09:10:00,110.0,103.32,Test Evaluation
2016-05-26 09:20:00,90.0,107.9,Test Evaluation
2016-05-26 09:30:00,80.0,109.52,Test Evaluation
2016-05-26 09:40:00,460.0,102.02,Test Evaluation
2016-05-26 09:50:00,820.0,149.13,Test Evaluation
2016-05-26 10:00:00,350.0,259.12,Test Evaluation
2016-05-26 10:10:00,300.0,298.84,Test Evaluation
2016-05-26 10:20:00,260.0,333.19,Test Evaluation
2016-05-26 10:30:00,290.0,365.26,Test Evaluation
2016-05-26 10:40:00,220.0,312.42,Test Evaluation
2016-05-26 10:50:00,170.0,194.32,Test Evaluation
2016-05-26 11:00:00,90.0,198.03,Test Evaluation
2016-05-26 11:10:00,80.0,171.5,Test Evaluation
2016-05-26 11:20:00,80.0,147.6,Test Evaluation
2016-05-26 11:30:00,100.0,111.05,Test Evaluation
2016-05-26 11:40:00,600.0,97.07,Test Evaluation
2016-05-26 11:50:00,510.0,176.55,Test Evaluation
2016-05-26 12:00:00,280.0,237.79,Test Evaluation
2016-05-26 12:10:00,250.0,268.86,Test Evaluation
2016-05-26 12:20:00,260.0,297.88,Test Evaluation
2016-05-26 12:30:00,250.0,318.25,Test Evaluation
2016-05-26 12:40:00,180.0,232.37,Test Evaluation
2016-05-26 12:50:00,110.0,188.73,Test Evaluation
2016-05-26 13:00:00,80.0,177.91,Test Evaluation
2016-05-26 13:10:00,70.0,154.89,Test Evaluation
2016-05-26 13:20:00,80.0,138.71,Test Evaluation
2016-05-26 13:30:00,70.0,103.6,Test Evaluation
2016-05-26 13:40:00,80.0,93.9,Test Evaluation
2016-05-26 13:50:00,70.0,93.22,Test Evaluation
2016-05-26 14:00:00,80.0,94.36,Test Evaluation
2016-05-26 14:10:00,70.0,96.61,Test Evaluation
2016-05-26 14:20:00,70.0,94.04,Test Evaluation
2016-05-26 14:30:00,70.0,96.55,Test Evaluation
2016-05-26 14:40:00,60.0,95.98,Test Evaluation
2016-05-26 14:50:00,60.0,106.5,Test Evaluation
2016-05-26 15:00:00,60.0,92.01,Test Evaluation
2016-05-26 15:10:00,60.0,91.18,Test Evaluation
2016-05-26 15:20:00,60.0,88.12,Test Evaluation
2016-05-26 15:30:00,50.0,86.59,Test Evaluation
2016-05-26 15:40:00,70.0,86.27,Test Evaluation
2016-05-26 15:50:00,70.0,85.66,Test Evaluation
2016-05-26 16:00:00,130.0,88.84,Test Evaluation
2016-05-26 16:10:00,390.0,118.02,Test Evaluation
2016-05-26 16:20:00,420.0,164.82,Test Evaluation
2016-05-26 16:30:00,710.0,208.88,Test Evaluation
2016-05-26 16:40:00,850.0,300.22,Test Evaluation
2016-05-26 16:50:00,470.0,416.36,Test Evaluation
2016-05-26 17:00:00,360.0,455.71,Test Evaluation
2016-05-26 17:10:00,620.0,433.37,Test Evaluation
2016-05-26 17:20:00,600.0,463.91,Test Evaluation
2016-05-26 17:30:00,520.0,434.28,Test Evaluation
2016-05-26 17:40:00,290.0,392.04,Test Evaluation
2016-05-26 17:50:00,250.0,389.76,Test Evaluation
2016-05-26 18:00:00,190.0,366.27,Test Evaluation
2016-05-26 18:10:00,120.0,286.89,Test Evaluation
2016-05-26 18:20:00,100.0,233.99,Test Evaluation
2016-05-26 18:30:00,320.0,156.26,Test Evaluation
2016-05-26 18:40:00,270.0,173.09,Test Evaluation
2016-05-26 18:50:00,290.0,178.68,Test Evaluation
2016-05-26 19:00:00,270.0,198.87,Test Evaluation
2016-05-26 19:10:00,260.0,228.16,Test Evaluation
2016-05-26 19:20:00,310.0,255.21,Test Evaluation
2016-05-26 19:30:00,250.0,233.94,Test Evaluation
2016-05-26 19:40:00,130.0,231.5,Test Evaluation
2016-05-26 19:50:00,120.0,201.35,Test Evaluation
2016-05-26 20:00:00,100.0,204.04,Test Evaluation
2016-05-26 20:10:00,90.0,183.39,Test Evaluation
2016-05-26 20:20:00,100.0,148.08,Test Evaluation
2016-05-26 20:30:00,80.0,101.41,Test Evaluation
2016-05-26 20:40:00,90.0,104.23,Test Evaluation
2016-05-26 20:50:00,90.0,121.7,Test Evaluation
2016-05-26 21:00:00,100.0,97.14,Test Evaluation
2016-05-26 21:10:00,80.0,88.17,Test Evaluation
2016-05-26 21:20:00,60.0,92.52,Test Evaluation
2016-05-26 21:30:00,80.0,100.59,Test Evaluation
2016-05-26 21:40:00,60.0,98.11,Test Evaluation
2016-05-26 21:50:00,80.0,92.63,Test Evaluation
2016-05-26 22:00:00,70.0,89.24,Test Evaluation
2016-05-26 22:10:00,80.0,88.82,Test Evaluation
2016-05-26 22:20:00,70.0,94.09,Test Evaluation
2016-05-26 22:30:00,70.0,90.21,Test Evaluation
2016-05-26 22:40:00,60.0,93.77,Test Evaluation
2016-05-26 22:50:00,70.0,88.47,Test Evaluation
2016-05-26 23:00:00,60.0,91.28,Test Evaluation
2016-05-26 23:10:00,70.0,85.64,Test Evaluation
2016-05-26 23:20:00,60.0,87.71,Test Evaluation
2016-05-26 23:30:00,70.0,85.79,Test Evaluation
2016-05-26 23:40:00,70.0,87.06,Test Evaluation
2016-05-26 23:50:00,60.0,76.49,Test Evaluation
2016-05-27 00:00:00,60.0,65.68,Test Evaluation
2016-05-27 00:10:00,70.0,52.49,Test Evaluation
2016-05-27 00:20:00,50.0,65.07,Test Evaluation
2016-05-27 00:30:00,60.0,52.6,Test Evaluation
2016-05-27 00:40:00,60.0,49.6,Test Evaluation
2016-05-27 00:50:00,60.0,52.88,Test Evaluation
2016-05-27 01:00:00,60.0,51.5,Test Evaluation
2016-05-27 01:10:00,60.0,51.24,Test Evaluation
2016-05-27 01:20:00,50.0,54.72,Test Evaluation
2016-05-27 01:30:00,60.0,51.71,Test Evaluation
2016-05-27 01:40:00,60.0,52.74,Test Evaluation
2016-05-27 01:50:00,60.0,51.02,Test Evaluation
2016-05-27 02:00:00,40.0,52.95,Test Evaluation
2016-05-27 02:10:00,60.0,47.51,Test Evaluation
2016-05-27 02:20:00,40.0,49.78,Test Evaluation
2016-05-27 02:30:00,60.0,46.43,Test Evaluation
2016-05-27 02:40:00,50.0,47.39,Test Evaluation
2016-05-27 02:50:00,50.0,46.27,Test Evaluation
2016-05-27 03:00:00,60.0,51.53,Test Evaluation
2016-05-27 03:10:00,60.0,48.87,Test Evaluation
2016-05-27 03:20:00,60.0,53.2,Test Evaluation
2016-05-27 03:30:00,60.0,51.48,Test Evaluation
2016-05-27 03:40:00,50.0,54.87,Test Evaluation
2016-05-27 03:50:00,60.0,53.58,Test Evaluation
2016-05-27 04:00:00,60.0,52.8,Test Evaluation
2016-05-27 04:10:00,60.0,52.86,Test Evaluation
2016-05-27 04:20:00,60.0,53.11,Test Evaluation
2016-05-27 04:30:00,50.0,53.15,Test Evaluation
2016-05-27 04:40:00,60.0,53.37,Test Evaluation
2016-05-27 04:50:00,60.0,52.95,Test Evaluation
2016-05-27 05:00:00,60.0,54.97,Test Evaluation
2016-05-27 05:10:00,60.0,55.2,Test Evaluation
2016-05-27 05:20:00,60.0,54.06,Test Evaluation
2016-05-27 05:30:00,60.0,57.19,Test Evaluation
2016-05-27 05:40:00,50.0,57.54,Test Evaluation
2016-05-27 05:50:00,60.0,56.17,Test Evaluation
2016-05-27 06:00:00,50.0,68.83,Test Evaluation
2016-05-27 06:10:00,110.0,55.55,Test Evaluation
2016-05-27 06:20:00,70.0,64.83,Test Evaluation
2016-05-27 06:30:00,50.0,62.13,Test Evaluation
2016-05-27 06:40:00,50.0,64.92,Test Evaluation
2016-05-27 06:50:00,50.0,63.13,Test Evaluation
2016-05-27 07:00:00,50.0,65.74,Test Evaluation
2016-05-27 07:10:00,60.0,52.18,Test Evaluation
2016-05-27 07:20:00,60.0,59.19,Test Evaluation
2016-05-27 07:30:00,190.0,58.41,Test Evaluation
2016-05-27 07:40:00,130.0,78.43,Test Evaluation
2016-05-27 07:50:00,180.0,94.31,Test Evaluation
2016-05-27 08:00:00,360.0,129.17,Test Evaluation
2016-05-27 08:10:00,100.0,153.12,Test Evaluation
2016-05-27 08:20:00,70.0,161.13,Test Evaluation
2016-05-27 08:30:00,80.0,136.81,Test Evaluation
2016-05-27 08:40:00,80.0,139.91,Test Evaluation
2016-05-27 08:50:00,90.0,121.59,Test Evaluation
2016-05-27 09:00:00,90.0,67.83,Test Evaluation
2016-05-27 09:10:00,60.0,86.82,Test Evaluation
2016-05-27 09:20:00,70.0,89.39,Test Evaluation
2016-05-27 09:30:00,50.0,86.88,Test Evaluation
2016-05-27 09:40:00,580.0,103.77,Test Evaluation
2016-05-27 09:50:00,660.0,193.46,Test Evaluation
2016-05-27 10:00:00,300.0,258.46,Test Evaluation
2016-05-27 10:10:00,260.0,294.5,Test Evaluation
2016-05-27 10:20:00,290.0,320.0,Test Evaluation
2016-05-27 10:30:00,240.0,360.3,Test Evaluation
2016-05-27 10:40:00,240.0,265.62,Test Evaluation
2016-05-27 10:50:00,180.0,195.14,Test Evaluation
2016-05-27 11:00:00,190.0,197.06,Test Evaluation
2016-05-27 11:10:00,70.0,188.01,Test Evaluation
2016-05-27 11:20:00,400.0,150.79,Test Evaluation
2016-05-27 11:30:00,620.0,178.0,Test Evaluation
2016-05-27 11:40:00,330.0,270.24,Test Evaluation
2016-05-27 11:50:00,250.0,290.41,Test Evaluation
2016-05-27 12:00:00,260.0,288.47,Test Evaluation
2016-05-27 12:10:00,240.0,321.29,Test Evaluation
2016-05-27 12:20:00,230.0,272.78,Test Evaluation
2016-05-27 12:30:00,220.0,195.3,Test Evaluation
2016-05-27 12:40:00,90.0,196.14,Test Evaluation
2016-05-27 12:50:00,70.0,175.38,Test Evaluation
2016-05-27 13:00:00,370.0,145.91,Test Evaluation
2016-05-27 13:10:00,280.0,162.06,Test Evaluation
2016-05-27 13:20:00,240.0,171.09,Test Evaluation
2016-05-27 13:30:00,250.0,174.27,Test Evaluation
2016-05-27 13:40:00,220.0,208.3,Test Evaluation
2016-05-27 13:50:00,230.0,232.91,Test Evaluation
2016-05-27 14:00:00,190.0,200.68,Test Evaluation
2016-05-27 14:10:00,160.0,181.81,Test Evaluation
2016-05-27 14:20:00,80.0,172.49,Test Evaluation
2016-05-27 14:30:00,60.0,147.41,Test Evaluation
2016-05-27 14:40:00,60.0,127.82,Test Evaluation
2016-05-27 14:50:00,60.0,105.4,Test Evaluation
2016-05-27 15:00:00,60.0,88.41,Test Evaluation
2016-05-27 15:10:00,70.0,75.08,Test Evaluation
2016-05-27 15:20:00,80.0,80.15,Test Evaluation
2016-05-27 15:30:00,80.0,82.02,Test Evaluation
2016-05-27 15:40:00,70.0,86.79,Test Evaluation
2016-05-27 15:50:00,100.0,87.45,Test Evaluation
2016-05-27 16:00:00,100.0,95.63,Test Evaluation
2016-05-27 16:10:00,90.0,113.5,Test Evaluation
2016-05-27 16:20:00,100.0,116.13,Test Evaluation
2016-05-27 16:30:00,220.0,137.73,Test Evaluation
2016-05-27 16:40:00,180.0,164.8,Test Evaluation
2016-05-27 16:50:00,120.0,149.7,Test Evaluation
2016-05-27 17:00:00,110.0,148.12,Test Evaluation
2016-05-27 17:10:00,90.0,164.95,Test Evaluation
2016-05-27 17:20:00,100.0,161.07,Test Evaluation
2016-05-27 17:30:00,90.0,128.22,Test Evaluation
2016-05-27 17:40:00,270.0,114.46,Test Evaluation
2016-05-27 17:50:00,420.0,133.05,Test Evaluation
2016-05-27 18:00:00,430.0,176.68,Test Evaluation
2016-05-27 18:10:00,,224.75,Future Forecast
2016-05-27 18:20:00,,241.66,Future Forecast
2016-05-27 18:30:00,,276.32,Future Forecast
2016-05-27 18:40:00,,261.37,Future Forecast
2016-05-27 18:50:00,,228.31,Future Forecast
2016-05-27 19:00:00,,196.12,Future Forecast
2016-05-27 19:10:00,,205.7,Future Forecast
2016-05-27 19:20:00,,201.75,Future Forecast
2016-05-27 19:30:00,,185.41,Future Forecast
2016-05-27 19:40:00,,168.05,Future Forecast
2016-05-27 19:50:00,,161.55,Future Forecast
2016-05-27 20:00:00,,158.14,Future Forecast
2016-05-27 20:10:00,,149.8,Future Forecast
2016-05-27 20:20:00,,142.86,Future Forecast
2016-05-27 20:30:00,,136.63,Future Forecast
2016-05-27 20:40:00,,134.37,Future Forecast
2016-05-27 20:50:00,,129.54,Future Forecast
2016-05-27 21:00:00,,127.15,Future Forecast
2016-05-27 21:10:00,,122.68,Future Forecast
2016-05-27 21:20:00,,120.36,Future Forecast
2016-05-27 21:30:00,,118.84,Future Forecast
2016-05-27 21:40:00,,114.37,Future Forecast
2016-05-27 21:50:00,,114.17,Future Forecast
2016-05-27 22:00:00,,111.09,Future Forecast
2016-05-27 22:10:00,,111.48,Future Forecast
2016-05-27 22:20:00,,109.17,Future Forecast
2016-05-27 22:30:00,,108.47,Future Forecast
2016-05-27 22:40:00,,107.39,Future Forecast
2016-05-27 22:50:00,,106.31,Future Forecast
2016-05-27 23:00:00,,105.76,Future Forecast
2016-05-27 23:10:00,,105.43,Future Forecast
2016-05-27 23:20:00,,104.51,Future Forecast
2016-05-27 23:30:00,,104.52,Future Forecast
2016-05-27 23:40:00,,103.55,Future Forecast
2016-05-27 23:50:00,,102.07,Future Forecast
2016-05-28 00:00:00,,90.24,Future Forecast
2016-05-28 00:10:00,,88.53,Future Forecast
2016-05-28 00:20:00,,85.14,Future Forecast
2016-05-28 00:30:00,,84.03,Future Forecast
2016-05-28 00:40:00,,81.19,Future Forecast
2016-05-28 00:50:00,,77.55,Future Forecast
2016-05-28 01:00:00,,77.62,Future Forecast
2016-05-28 01:10:00,,75.49,Future Forecast
2016-05-28 01:20:00,,73.76,Future Forecast
2016-05-28 01:30:00,,72.85,Future Forecast
2016-05-28 01:40:00,,71.81,Future Forecast
2016-05-28 01:50:00,,71.22,Future Forecast
2016-05-28 02:00:00,,70.28,Future Forecast
2016-05-28 02:10:00,,70.12,Future Forecast
2016-05-28 02:20:00,,69.25,Future Forecast
2016-05-28 02:30:00,,69.24,Future Forecast
2016-05-28 02:40:00,,69.02,Future Forecast
2016-05-28 02:50:00,,68.74,Future Forecast
2016-05-28 03:00:00,,68.33,Future Forecast
2016-05-28 03:10:00,,68.71,Future Forecast
2016-05-28 03:20:00,,68.69,Future Forecast
2016-05-28 03:30:00,,67.99,Future Forecast
2016-05-28 03:40:00,,68.57,Future Forecast
2016-05-28 03:50:00,,68.48,Future Forecast
2016-05-28 04:00:00,,69.63,Future Forecast
2016-05-28 04:10:00,,69.74,Future Forecast
2016-05-28 04:20:00,,69.9,Future Forecast
2016-05-28 04:30:00,,69.08,Future Forecast
2016-05-28 04:40:00,,70.28,Future Forecast
2016-05-28 04:50:00,,69.93,Future Forecast
2016-05-28 05:00:00,,71.62,Future Forecast
2016-05-28 05:10:00,,70.02,Future Forecast
2016-05-28 05:20:00,,70.65,Future Forecast
2016-05-28 05:30:00,,70.95,Future Forecast
2016-05-28 05:40:00,,70.43,Future Forecast
2016-05-28 05:50:00,,71.07,Future Forecast
2016-05-28 06:00:00,,70.8,Future Forecast
2016-05-28 06:10:00,,74.89,Future Forecast
2016-05-28 06:20:00,,73.32,Future Forecast
2016-05-28 06:30:00,,71.95,Future Forecast
2016-05-28 06:40:00,,72.85,Future Forecast
2016-05-28 06:50:00,,74.33,Future Forecast
2016-05-28 07:00:00,,75.36,Future Forecast
2016-05-28 07:10:00,,73.79,Future Forecast
2016-05-28 07:20:00,,73.98,Future Forecast
2016-05-28 07:30:00,,81.99,Future Forecast
2016-05-28 07:40:00,,79.42,Future Forecast
2016-05-28 07:50:00,,82.74,Future Forecast
2016-05-28 08:00:00,,95.74,Future Forecast
2016-05-28 08:10:00,,100.77,Future Forecast
2016-05-28 08:20:00,,100.02,Future Forecast
2016-05-28 08:30:00,,93.29,Future Forecast
2016-05-28 08:40:00,,108.08,Future Forecast
2016-05-28 08:50:00,,97.78,Future Forecast
2016-05-28 09:00:00,,97.61,Future Forecast
2016-05-28 09:10:00,,93.9,Future Forecast
2016-05-28 09:20:00,,94.22,Future Forecast
2016-05-28 09:30:00,,112.56,Future Forecast
2016-05-28 09:40:00,,165.64,Future Forecast
2016-05-28 09:50:00,,156.94,Future Forecast
2016-05-28 10:00:00,,138.08,Future Forecast
2016-05-28 10:10:00,,147.16,Future Forecast
2016-05-28 10:20:00,,152.26,Future Forecast
2016-05-28 10:30:00,,158.52,Future Forecast
2016-05-28 10:40:00,,170.43,Future Forecast
2016-05-28 10:50:00,,161.09,Future Forecast
2016-05-28 11:00:00,,144.38,Future Forecast
2016-05-28 11:10:00,,166.9,Future Forecast
2016-05-28 11:20:00,,194.59,Future Forecast
2016-05-28 11:30:00,,203.76,Future Forecast
2016-05-28 11:40:00,,170.91,Future Forecast
2016-05-28 11:50:00,,171.86,Future Forecast
2016-05-28 12:00:00,,175.68,Future Forecast
2016-05-28 12:10:00,,173.0,Future Forecast
2016-05-28 12:20:00,,168.43,Future Forecast
2016-05-28 12:30:00,,159.4,Future Forecast
2016-05-28 12:40:00,,151.22,Future Forecast
2016-05-28 12:50:00,,143.87,Future Forecast
2016-05-28 13:00:00,,151.03,Future Forecast
2016-05-28 13:10:00,,172.47,Future Forecast
2016-05-28 13:20:00,,175.62,Future Forecast
2016-05-28 13:30:00,,156.06,Future Forecast
2016-05-28 13:40:00,,158.88,Future Forecast
2016-05-28 13:50:00,,159.68,Future Forecast
2016-05-28 14:00:00,,156.25,Future Forecast
2016-05-28 14:10:00,,153.76,Future Forecast
2016-05-28 14:20:00,,142.83,Future Forecast
2016-05-28 14:30:00,,134.34,Future Forecast
2016-05-28 14:40:00,,153.64,Future Forecast
2016-05-28 14:50:00,,155.21,Future Forecast
2016-05-28 15:00:00,,147.04,Future Forecast
2016-05-28 15:10:00,,157.42,Future Forecast
2016-05-28 15:20:00,,160.34,Future Forecast
2016-05-28 15:30:00,,152.36,Future Forecast
2016-05-28 15:40:00,,142.73,Future Forecast
2016-05-28 15:50:00,,137.37,Future Forecast
2016-05-28 16:00:00,,135.12,Future Forecast
2016-05-28 16:10:00,,129.24,Future Forecast
2016-05-28 16:20:00,,126.17,Future Forecast
2016-05-28 16:30:00,,128.65,Future Forecast
2016-05-28 16:40:00,,124.45,Future Forecast
2016-05-28 16:50:00,,120.3,Future Forecast
2016-05-28 17:00:00,,119.43,Future Forecast
2016-05-28 17:10:00,,116.69,Future Forecast
2016-05-28 17:20:00,,114.79,Future Forecast
2016-05-28 17:30:00,,111.38,Future Forecast
2016-05-28 17:40:00,,120.01,Future Forecast
2016-05-28 17:50:00,,127.65,Future Forecast
2016-05-28 18:00:00,,134.25,Future Forecast
